Top pages,Clicks,Impressions,CTR,Position
https://desire-escorts.nl/,43600,725022,6.01%,13.08
https://desire-escorts.nl/en/,23977,301368,7.96%,21.09
https://desire-escorts.nl/en/escort-groningen/,5002,47913,10.44%,11.31
https://desire-escorts.nl/en/escort-utrecht/,4832,67751,7.13%,12.83
https://desire-escorts.nl/escort-rotterdam/,4181,95111,4.4%,13
https://desire-escorts.nl/escort-haarlem/,3547,57067,6.22%,9.8
https://desire-escorts.nl/en/escort-the-hague/,3525,26755,13.18%,15.85
https://desire-escorts.nl/escort-antwerpen/,3344,49554,6.75%,13.51
https://desire-escorts.nl/en/escort-schiphol-airport/,3284,42844,7.67%,11.94
https://desire-escorts.nl/trio-escorts/,3201,26517,12.07%,15.92
https://desire-escorts.nl/goedkope-escorts/,3197,32149,9.94%,14.4
https://desire-escorts.nl/escort-den-haag/,2990,63054,4.74%,18.15
https://desire-escorts.nl/en/escort-rotterdam/,2968,36279,8.18%,20.98
https://desire-escorts.nl/en/escort-eindhoven/,2907,46651,6.23%,19.05
https://desire-escorts.nl/en/escort-amsterdam-city-centre/,2795,22059,12.67%,18.01
https://desire-escorts.nl/en/escort-tilburg/,2718,40283,6.75%,13.61
https://desire-escorts.nl/shemale-escorts/,2633,47670,5.52%,10.45
https://desire-escorts.nl/escort-bureau/,2613,43303,6.03%,27.93
https://desire-escorts.nl/escort-limburg/,2605,20885,12.47%,11.39
https://desire-escorts.nl/en/escort-arnhem/,2459,37999,6.47%,13.93
https://desire-escorts.nl/escort-eindhoven/,2449,45962,5.33%,13.49
https://desire-escorts.nl/escort-noord-holland/,2277,18670,12.2%,12.4
https://desire-escorts.nl/en/escort-brussels/,2264,28062,8.07%,22.1
https://desire-escorts.nl/aziatische-escorts/,2204,10678,20.64%,11.43
https://desire-escorts.nl/escort-zaandam/,2000,35770,5.59%,9.87
https://desire-escorts.nl/escort-friesland/,1998,17430,11.46%,9.35
https://desire-escorts.nl/escort-almere/,1915,39564,4.84%,8.85
https://desire-escorts.nl/escort-dordrecht/,1886,30971,6.09%,6.27
https://desire-escorts.nl/escort-groningen/,1880,27270,6.89%,19.23
https://desire-escorts.nl/en/escort-breda/,1872,28378,6.6%,23.81
https://desire-escorts.nl/erotische-massage/,1847,36146,5.11%,36.17
https://desire-escorts.nl/en/cheap-escorts/,1789,15742,11.36%,13.11
https://desire-escorts.nl/escort-zwolle/,1777,35888,4.95%,9.71
https://desire-escorts.nl/en/escort-zaandam/,1762,23729,7.43%,18.18
https://desire-escorts.nl/turkse-escorts/,1701,10803,15.75%,6.98
https://desire-escorts.nl/escort-hoorn/,1674,19272,8.69%,6.13
https://desire-escorts.nl/24-uurs-escort/,1560,12884,12.11%,10.93
https://desire-escorts.nl/en/escort-hoofddorp/,1524,19234,7.92%,17.12
https://desire-escorts.nl/en/24-hour-escort/,1503,17611,8.53%,14.03
https://desire-escorts.nl/escort-zeeland/,1492,15082,9.89%,9.32
https://desire-escorts.nl/escort-hoofddorp/,1451,22315,6.5%,8.2
https://desire-escorts.nl/en/all-escorts/,1427,28084,5.08%,4.19
https://desire-escorts.nl/studenten-escorts/,1416,13026,10.87%,9.49
https://desire-escorts.nl/escort-schiphol/,1402,35504,3.95%,8.86
https://desire-escorts.nl/anale-seks/,1395,11775,11.85%,10.32
https://desire-escorts.nl/escort-leiden/,1386,31740,4.37%,11.44
https://desire-escorts.nl/en/escort-antwerp/,1378,15517,8.88%,15.14
https://desire-escorts.nl/escort-voor-stellen/,1377,26622,5.17%,16.1
https://desire-escorts.nl/oudere-escorts/,1374,12339,11.14%,11.76
https://desire-escorts.nl/escort-den-bosch/,1358,28457,4.77%,10.42
https://desire-escorts.nl/en/escort-amsterdam/,1337,18872,7.08%,21.92
https://desire-escorts.nl/escort-service-zuid-holland/,1336,11052,12.09%,13.74
https://desire-escorts.nl/bdsm-escorts/,1303,25740,5.06%,21.57
https://desire-escorts.nl/en/escort-enschede/,1289,18482,6.97%,23.67
https://desire-escorts.nl/en/escort-leiden/,1266,23471,5.39%,28.74
https://desire-escorts.nl/escort-drenthe/,1255,10683,11.75%,7.61
https://desire-escorts.nl/escort-breda/,1242,25219,4.92%,17.07
https://desire-escorts.nl/escort-amstelveen/,1200,16612,7.22%,7.12
https://desire-escorts.nl/escort-hilversum/,1192,30851,3.86%,7.53
https://desire-escorts.nl/escort-zoetermeer/,1166,22402,5.2%,5.9
https://desire-escorts.nl/escort-gelderland/,1156,10445,11.07%,7.41
https://desire-escorts.nl/escort-tilburg/,1118,23773,4.7%,24.5
https://desire-escorts.nl/en/escort-middelburg/,1117,10408,10.73%,7.65
https://desire-escorts.nl/en/escort-den-bosch/,1095,17928,6.11%,16.1
https://desire-escorts.nl/jonge-escorts/,1089,6373,17.09%,19.18
https://desire-escorts.nl/marokkaanse-escorts/,1085,8118,13.37%,8.24
https://desire-escorts.nl/en/escort-venlo/,1066,18836,5.66%,23.56
https://desire-escorts.nl/escort-noordwijk/,1061,10457,10.15%,9.21
https://desire-escorts.nl/en/escort-amersfoort/,1043,20589,5.07%,17.77
https://desire-escorts.nl/en/anal-sex/,995,12321,8.08%,17
https://desire-escorts.nl/escort-alphen-aan-den-rijn/,988,10032,9.85%,6.87
https://desire-escorts.nl/hotel-escort/,974,30243,3.22%,12.26
https://desire-escorts.nl/escort-purmerend/,970,12154,7.98%,6.45
https://desire-escorts.nl/escort-overijssel/,958,7943,12.06%,8.67
https://desire-escorts.nl/escort-nijmegen/,955,20344,4.69%,14.97
https://desire-escorts.nl/escort-enschede/,952,15221,6.25%,20.72
https://desire-escorts.nl/en/escort-lelystad/,937,17114,5.48%,18.25
https://desire-escorts.nl/en/escort-bergen/,907,14979,6.06%,9.21
https://desire-escorts.nl/japanse-escorts/,900,3648,24.67%,7.65
https://desire-escorts.nl/escort-beverwijk/,894,13146,6.8%,6.06
https://desire-escorts.nl/en/escort-schiedam/,892,11092,8.04%,8.77
https://desire-escorts.nl/en/escort-leeuwarden/,876,14027,6.25%,19.21
https://desire-escorts.nl/en/asian-escort/,859,8051,10.67%,14.63
https://desire-escorts.nl/en/escort-heerlen/,846,13861,6.1%,21.54
https://desire-escorts.nl/en/escort-alkmaar/,832,19265,4.32%,27.82
https://desire-escorts.nl/overnight-escort/,803,6990,11.49%,9.1
https://desire-escorts.nl/escort-utrecht/,782,30212,2.59%,31.23
https://desire-escorts.nl/escort-den-helder/,782,8716,8.97%,9.39
https://desire-escorts.nl/escort-leeuwarden/,778,15898,4.89%,16.42
https://desire-escorts.nl/escort-veenendaal/,765,10910,7.01%,7.79
https://desire-escorts.nl/escort-venlo/,761,17724,4.29%,16.03
https://desire-escorts.nl/en/escort-den-helder/,761,5694,13.36%,15.59
https://desire-escorts.nl/en/escort-almelo/,719,10620,6.77%,16.21
https://desire-escorts.nl/redlight-district-amsterdam/,701,7036,9.96%,20.56
https://desire-escorts.nl/en/escort-sloterdijk/,685,3427,19.99%,4.35
https://desire-escorts.nl/en/escort-amsterdam-north/,674,5803,11.61%,9.39
https://desire-escorts.nl/en/escort-ladies-in-frankfurt/,673,6054,11.12%,15.4
https://desire-escorts.nl/escort-gouda/,658,15556,4.23%,8.77
https://desire-escorts.nl/en/escort-amstelveen/,655,9692,6.76%,20.96
https://desire-escorts.nl/petite-escorts/,655,3793,17.27%,9.2
https://desire-escorts.nl/escort-scheveningen/,653,3575,18.27%,4.97
https://desire-escorts.nl/en/escort-delft/,644,12737,5.06%,28.31
https://desire-escorts.nl/en/escort-emmen/,628,8438,7.44%,13.32
https://desire-escorts.nl/escort-middelburg/,623,8291,7.51%,8.8
https://desire-escorts.nl/zwarte-escorts/,613,3185,19.25%,8.54
https://desire-escorts.nl/en/escort-nijmegen/,610,11766,5.18%,30.57
https://desire-escorts.nl/escort-delft/,596,15332,3.89%,12.79
https://desire-escorts.nl/cardate-escort/,580,6772,8.56%,11.04
https://desire-escorts.nl/escort-amsterdam-oost/,578,17726,3.26%,30.1
https://desire-escorts.nl/en/escort-haarlem/,577,15368,3.75%,41
https://desire-escorts.nl/en/escort-amsterdam-south/,572,4768,12%,10.87
https://desire-escorts.nl/escort-arnhem/,547,18929,2.89%,28.11
https://desire-escorts.nl/poolse-escorts/,542,2778,19.51%,9.1
https://desire-escorts.nl/en/license/,539,4873,11.06%,9.85
https://desire-escorts.nl/en/japanese-escort/,534,3817,13.99%,11.4
https://desire-escorts.nl/escort-vlaardingen/,532,8578,6.2%,8.08
https://desire-escorts.nl/en/young-escort/,524,3203,16.36%,6.43
https://desire-escorts.nl/en/escort-ijmuiden/,514,4729,10.87%,17.85
https://desire-escorts.nl/nederlandse-escorts/,513,16398,3.13%,25.94
https://desire-escorts.nl/en/escort-assen/,507,3687,13.75%,14.51
https://desire-escorts.nl/en/zeeland/,506,5019,10.08%,17.49
https://desire-escorts.nl/escort-amsterdam-west/,504,7148,7.05%,18.11
https://desire-escorts.nl/escort-gorinchem/,492,4167,11.81%,7.67
https://desire-escorts.nl/escort-spijkenisse/,476,5716,8.33%,9.29
https://desire-escorts.nl/en/turkish-escorts/,475,6037,7.87%,18.62
https://desire-escorts.nl/escort-enkhuizen/,473,3153,15%,6.04
https://desire-escorts.nl/escort-schiedam/,471,8760,5.38%,10.58
https://desire-escorts.nl/gay-escorts/,469,7938,5.91%,26.57
https://desire-escorts.nl/escort-hellevoetsluis/,469,3766,12.45%,7.59
https://desire-escorts.nl/en/romanian-escort/,464,5111,9.08%,19.51
https://desire-escorts.nl/escort-lelystad/,463,13132,3.53%,17.71
https://desire-escorts.nl/escort-assen/,458,3959,11.57%,13.26
https://desire-escorts.nl/escort-heemskerk/,451,5364,8.41%,6.69
https://desire-escorts.nl/en/escort-hoorn/,439,6970,6.3%,19.56
https://desire-escorts.nl/escort-huren/,438,11142,3.93%,17.05
https://desire-escorts.nl/en/hotel-escort/,428,14788,2.89%,32.85
https://desire-escorts.nl/escort-zandvoort/,426,10514,4.05%,7.67
https://desire-escorts.nl/eerste-keer-met-een-escort/,425,4662,9.12%,8.99
https://desire-escorts.nl/en/noordwijk/,423,5045,8.38%,24.15
https://desire-escorts.nl/en/erotic-massage/,405,12089,3.35%,29.12
https://desire-escorts.nl/escort-brussel/,396,7014,5.65%,15.9
https://desire-escorts.nl/escort-heerlen/,395,10013,3.94%,17.3
https://desire-escorts.nl/escort-harderwijk/,386,5889,6.55%,10.04
https://desire-escorts.nl/escorts/lisa/,384,2535,15.15%,7.85
https://desire-escorts.nl/blonde-escort-dames/,373,6028,6.19%,7.62
https://desire-escorts.nl/escort-alkmaar/,372,14470,2.57%,26.45
https://desire-escorts.nl/en/escort-heerenveen/,372,4355,8.54%,10.03
https://desire-escorts.nl/escort-flevoland/,362,4766,7.6%,8.61
https://desire-escorts.nl/en/escort-ladies-in-scheveningen/,344,2587,13.3%,14.38
https://desire-escorts.nl/escort-bussum/,328,8650,3.79%,10.16
https://desire-escorts.nl/en/having-escort-come-to-hotel-is-that-allowed/,324,4102,7.9%,16.11
https://desire-escorts.nl/escort-osdorp/,324,1889,17.15%,7.88
https://desire-escorts.nl/en/threesome-escorts/,321,9183,3.5%,33.36
https://desire-escorts.nl/en/escort-zwolle/,318,8991,3.54%,50.58
https://desire-escorts.nl/en/escort-hilversum/,314,14651,2.14%,49.38
https://desire-escorts.nl/escort-amsterdam-zuid/,314,2862,10.97%,7.97
https://desire-escorts.nl/alle-escorts/,313,12937,2.42%,4.09
https://desire-escorts.nl/en/escort-dordrecht/,312,9228,3.38%,46.43
https://desire-escorts.nl/escort-nieuw-vennep/,310,4631,6.69%,5.66
https://desire-escorts.nl/en/moroccan-escort/,306,2731,11.2%,9.89
https://desire-escorts.nl/en/escort-ladies-in-amsterdam-west/,302,2671,11.31%,10.77
https://desire-escorts.nl/en/sex-club-eindhoven/,296,4017,7.37%,14.84
https://desire-escorts.nl/en/sex-club-rotterdam/,290,3791,7.65%,15.25
https://desire-escorts.nl/escort-volendam/,289,4187,6.9%,7.37
https://desire-escorts.nl/escort-emmen/,280,4622,6.06%,16.94
https://desire-escorts.nl/grote-borsten-escorts/,278,2662,10.44%,12.91
https://desire-escorts.nl/en/vlaardingen/,277,4068,6.81%,16.67
https://desire-escorts.nl/escort-amsterdam-noord/,276,2592,10.65%,8.5
https://desire-escorts.nl/en/escort-almere/,275,10025,2.74%,57.95
https://desire-escorts.nl/escort-woerden/,275,4243,6.48%,11.13
https://desire-escorts.nl/escort-bestellen/,274,12720,2.15%,22.9
https://desire-escorts.nl/en/escort-for-couples-service/,273,9041,3.02%,29.02
https://desire-escorts.nl/party-escort-girls-op-jouw-feestje/,272,5399,5.04%,12.15
https://desire-escorts.nl/escort-girls/,271,18484,1.47%,30.52
https://desire-escorts.nl/en/escort-purmerend/,269,5035,5.34%,26.02
https://desire-escorts.nl/en/escort-ladies-in-amsterdam-east/,268,3188,8.41%,15.96
https://desire-escorts.nl/en/escort-limburg/,266,3646,7.3%,28.05
https://desire-escorts.nl/en/desire-escorts-named-best-agency/,265,3398,7.8%,15.44
https://desire-escorts.nl/en/small-escort/,264,2790,9.46%,17.34
https://desire-escorts.nl/escort-ridderkerk/,258,5592,4.61%,12.84
https://desire-escorts.nl/sexclub-eindhoven/,255,5543,4.6%,11.62
https://desire-escorts.nl/en/osdorp/,255,1842,13.84%,4.56
https://desire-escorts.nl/escort-zeist/,254,5289,4.8%,8.74
https://desire-escorts.nl/en/escort-harderwijk/,254,3388,7.5%,22.59
https://desire-escorts.nl/escort-capelle-aan-den-ijssel/,245,3458,7.09%,14.3
https://desire-escorts.nl/en/dutch-escorts/,242,10704,2.26%,16.49
https://desire-escorts.nl/escort-akersloot/,240,3779,6.35%,10.66
https://desire-escorts.nl/escorts/vicky/,240,3268,7.34%,4.3
https://desire-escorts.nl/en/gfe-escorts/,235,8517,2.76%,31.51
https://desire-escorts.nl/escort-almelo/,233,5650,4.12%,20.27
https://desire-escorts.nl/sm-escort-dames/,217,3408,6.37%,14.15
https://desire-escorts.nl/en/polish-escort/,217,2008,10.81%,9.81
https://desire-escorts.nl/en/foot-fetish-escort-ladies/,202,4370,4.62%,27.98
https://desire-escorts.nl/escorts/bianca/,202,3145,6.42%,5.19
https://desire-escorts.nl/high-class-escorts/,196,58329,0.34%,61.98
https://desire-escorts.nl/escort-diemen/,191,5687,3.36%,6.4
https://desire-escorts.nl/escort-wormerveer/,190,3580,5.31%,11.01
https://desire-escorts.nl/escort-maassluis/,188,3349,5.61%,8.41
https://desire-escorts.nl/en/escort-in-aalsmeer/,186,3299,5.64%,33.54
https://desire-escorts.nl/escort-weesp/,185,3265,5.67%,6.67
https://desire-escorts.nl/fetish-escort/,184,5907,3.11%,9.76
https://desire-escorts.nl/escort-naaldwijk/,183,3044,6.01%,4.43
https://desire-escorts.nl/latina-escorts/,182,2582,7.05%,8.34
https://desire-escorts.nl/en/hire-an-escort/,180,2155,8.35%,10.97
https://desire-escorts.nl/en/mature-escort/,177,4997,3.54%,40.39
https://desire-escorts.nl/en/escort-lisse/,175,3108,5.63%,18.97
https://desire-escorts.nl/escort-ijmuiden/,174,3060,5.69%,15.33
https://desire-escorts.nl/escort-breukelen/,173,3616,4.78%,7.22
https://desire-escorts.nl/escort-naar-hotel-laten-komen-mag-dat/,172,5887,2.92%,18.74
https://desire-escorts.nl/escort-brielle/,170,1245,13.65%,8.62
https://desire-escorts.nl/escort-heiloo/,169,2699,6.26%,4.4
https://desire-escorts.nl/escort-leusden/,167,2463,6.78%,8.3
https://desire-escorts.nl/en/red-light-district-amsterdam/,167,1117,14.95%,9.87
https://desire-escorts.nl/escort-vianen/,159,2003,7.94%,9.92
https://desire-escorts.nl/escort-barendrecht/,159,1738,9.15%,8.62
https://desire-escorts.nl/en/shemale-escort/,158,2576,6.13%,19.84
https://desire-escorts.nl/escort-katwijk/,156,4180,3.73%,11.67
https://desire-escorts.nl/en/large-breasts-escort-ladies/,154,1327,11.61%,24.56
https://desire-escorts.nl/escorts/olga/,149,401,37.16%,7.27
https://desire-escorts.nl/en/sexclub-utrecht/,148,2289,6.47%,17.44
https://desire-escorts.nl/escort-driebergen-rijsenburg/,146,806,18.11%,6.83
https://desire-escorts.nl/escort-bilthoven/,143,2218,6.45%,6.08
https://desire-escorts.nl/escort-lisse/,139,2713,5.12%,13.08
https://desire-escorts.nl/voetfetish-escort/,139,1847,7.53%,19.37
https://desire-escorts.nl/escort-frankfurt/,138,3263,4.23%,18.57
https://desire-escorts.nl/escort-bergen/,138,2849,4.84%,7.6
https://desire-escorts.nl/sexclub-amersfoort/,136,9904,1.37%,10.78
https://desire-escorts.nl/en/escort-enkhuizen/,136,1528,8.9%,16.86
https://desire-escorts.nl/roemeense-escorts/,135,870,15.52%,8.36
https://desire-escorts.nl/prijzen/,134,11229,1.19%,5.35
https://desire-escorts.nl/escort-wassenaar/,134,3787,3.54%,11.76
https://desire-escorts.nl/en/overnight-escort/,133,2241,5.93%,9.16
https://desire-escorts.nl/escort-castricum/,131,3797,3.45%,6.77
https://desire-escorts.nl/escort-medemblik/,130,1834,7.09%,12.22
https://desire-escorts.nl/escorts/amanda/,128,2476,5.17%,6.49
https://desire-escorts.nl/en/escort-gouda/,126,6121,2.06%,59.19
https://desire-escorts.nl/escort-nieuwerkerk-aan-den-ijssel/,126,2755,4.57%,11.66
https://desire-escorts.nl/escort-amersfoort/,125,12124,1.03%,55.19
https://desire-escorts.nl/en/escort-north-holland/,125,1167,10.71%,15.79
https://desire-escorts.nl/escort-maarssen/,123,4990,2.46%,11.67
https://desire-escorts.nl/en/prices/,123,3692,3.33%,6.63
https://desire-escorts.nl/en/sexclub-amsterdam/,122,2517,4.85%,33.08
https://desire-escorts.nl/hoe-zit-het-met-klaarkomen-bij-een-escort-service/,121,787,15.37%,16.65
https://desire-escorts.nl/escort-culemborg/,121,748,16.18%,7.93
https://desire-escorts.nl/en/escort-hillegom/,120,2093,5.73%,33.21
https://desire-escorts.nl/en/nuru-massage-escorts/,120,1909,6.29%,34.46
https://desire-escorts.nl/escort-schagen/,118,1075,10.98%,7.1
https://desire-escorts.nl/en/student-escort/,116,4395,2.64%,40.02
https://desire-escorts.nl/escort-hillegom/,116,3554,3.26%,9.87
https://desire-escorts.nl/escort-mijdrecht/,116,2887,4.02%,5.53
https://desire-escorts.nl/escorts/noor/,115,1240,9.27%,6.61
https://desire-escorts.nl/escort-oud-beijerland/,114,761,14.98%,6.63
https://desire-escorts.nl/hoe-herken-je-een-nep-escort-advertentie-op-het-internet/,113,1789,6.32%,17.75
https://desire-escorts.nl/escort-sloterdijk/,113,1681,6.72%,6.77
https://desire-escorts.nl/en/first-time-experience/,113,1093,10.34%,10.23
https://desire-escorts.nl/escorts/brianna/,110,2643,4.16%,4.51
https://desire-escorts.nl/escorts/miki/,109,510,21.37%,5.9
https://desire-escorts.nl/escort-aalsmeer/,108,3115,3.47%,16.14
https://desire-escorts.nl/escort-naarden/,106,4029,2.63%,5.88
https://desire-escorts.nl/en/escort-diemen/,106,2916,3.64%,23.96
https://desire-escorts.nl/en/first-time-with-an-escort-discover-what-to-expect/,106,2252,4.71%,18.9
https://desire-escorts.nl/en/escort-medemblik/,106,897,11.82%,14.64
https://desire-escorts.nl/escort-laren/,105,4183,2.51%,7.04
https://desire-escorts.nl/en/escorts/noor/,104,804,12.94%,8
https://desire-escorts.nl/escorts/alexandra/,103,2064,4.99%,6.49
https://desire-escorts.nl/escorts/kimberly/,103,557,18.49%,6.84
https://desire-escorts.nl/escort-badhoevendorp/,102,2815,3.62%,28.23
https://desire-escorts.nl/en/cardate-escort-service/,102,2760,3.7%,16.83
https://desire-escorts.nl/en/escort-gorinchem/,101,776,13.02%,13.7
https://desire-escorts.nl/escort-soest/,100,2824,3.54%,16.89
https://desire-escorts.nl/en/escort-heemskerk/,100,1892,5.29%,21.72
https://desire-escorts.nl/en/zandvoort/,99,1751,5.65%,21.9
https://desire-escorts.nl/escort-de-lier/,99,1068,9.27%,6.21
https://desire-escorts.nl/en/escort-hellevoetsluis/,98,847,11.57%,13.02
https://desire-escorts.nl/escort-nieuwegein/,97,2509,3.87%,19.09
https://desire-escorts.nl/en/escort-spijkenisse/,97,1580,6.14%,21.79
https://desire-escorts.nl/escort-alblasserdam/,94,662,14.2%,7.03
https://desire-escorts.nl/striptease-dames/,93,2087,4.46%,17.16
https://desire-escorts.nl/webcamsex/,91,4437,2.05%,21.34
https://desire-escorts.nl/escort-velsen/,91,2498,3.64%,23.98
https://desire-escorts.nl/nuru-massage/,90,2981,3.02%,36.87
https://desire-escorts.nl/en/blonde-escort-girls/,89,3426,2.6%,26.15
https://desire-escorts.nl/en/escort-baarn/,89,2659,3.35%,22.86
https://desire-escorts.nl/en/escort-bodegraven/,89,1017,8.75%,18.34
https://desire-escorts.nl/gfe-escorts/,87,6354,1.37%,22.98
https://desire-escorts.nl/escort-uithoorn/,87,2717,3.2%,9.72
https://desire-escorts.nl/escort-loosdrecht/,86,1622,5.3%,5.26
https://desire-escorts.nl/escort-rijswijk/,85,2516,3.38%,10.39
https://desire-escorts.nl/en/escort-beverwijk/,85,1773,4.79%,22.08
https://desire-escorts.nl/escort-sliedrecht/,83,1496,5.55%,7.47
https://desire-escorts.nl/escorts/joy/,83,794,10.45%,6.97
https://desire-escorts.nl/en/european-escort-ladies/,79,3436,2.3%,14.44
https://desire-escorts.nl/en/sexclub-alkmaar/,78,1498,5.21%,21.12
https://desire-escorts.nl/en/escort-gelderland/,77,2539,3.03%,37.09
https://desire-escorts.nl/escort-bodegraven/,77,1070,7.2%,10.92
https://desire-escorts.nl/escorts/michelle/,77,400,19.25%,7.93
https://desire-escorts.nl/escort-schoorl/,76,1341,5.67%,5.5
https://desire-escorts.nl/en/escorts/brianna/,75,3639,2.06%,4.44
https://desire-escorts.nl/en/escort-naaldwijk/,75,2451,3.06%,23.09
https://desire-escorts.nl/escort-uitgeest/,75,1337,5.61%,9.73
https://desire-escorts.nl/en/escorts/alexandra/,74,3250,2.28%,4.39
https://desire-escorts.nl/orale-seks/,74,2160,3.43%,17.31
https://desire-escorts.nl/en/escort-south-holland/,74,1043,7.09%,12.6
https://desire-escorts.nl/en/escort-in-the-netherlands/,73,2643,2.76%,44.16
https://desire-escorts.nl/en/escort-wassenaar/,73,2612,2.79%,35.18
https://desire-escorts.nl/escorts/lucy/,73,405,18.02%,9.3
https://desire-escorts.nl/en/vianen/,72,1337,5.39%,29.57
https://desire-escorts.nl/escort-eemnes/,71,985,7.21%,6.02
https://desire-escorts.nl/en/latina-escorts/,70,715,9.79%,7.42
https://desire-escorts.nl/en/brielle/,70,312,22.44%,5.9
https://desire-escorts.nl/escort-huizen/,68,3505,1.94%,13.48
https://desire-escorts.nl/escort-heemstede/,68,3283,2.07%,12.29
https://desire-escorts.nl/escorts/alessia/,68,705,9.65%,11.44
https://desire-escorts.nl/en/houten/,67,826,8.11%,12.93
https://desire-escorts.nl/en/escorts/bianca/,66,3433,1.92%,4.06
https://desire-escorts.nl/escort-baarn/,66,2849,2.32%,15.76
https://desire-escorts.nl/escort-assendelft/,66,955,6.91%,11.32
https://desire-escorts.nl/escort-middelharnis/,66,429,15.38%,7.92
https://desire-escorts.nl/en/escort-drenthe/,65,3296,1.97%,34.56
https://desire-escorts.nl/en/escorts/vicky/,65,1576,4.12%,4.26
https://desire-escorts.nl/escort-heerhugowaard/,65,1448,4.49%,12.8
https://desire-escorts.nl/escorts/sophie/,65,856,7.59%,9.96
https://desire-escorts.nl/escorts/denise/,65,430,15.12%,9.37
https://desire-escorts.nl/is-zoenen-met-een-escort-gebruikelijk/,65,344,18.9%,7.71
https://desire-escorts.nl/en/the-legal-escort-industry-in-the-netherlands-an-in-depth-look/,63,1268,4.97%,12.45
https://desire-escorts.nl/escort-t-gooi/,62,1372,4.52%,8.38
https://desire-escorts.nl/escort-pijnacker/,62,1245,4.98%,11.66
https://desire-escorts.nl/escort-rhenen/,62,548,11.31%,9.84
https://desire-escorts.nl/en/bdsm-escorts/,61,4652,1.31%,41.09
https://desire-escorts.nl/escorts/nikki/,61,2042,2.99%,6.64
https://desire-escorts.nl/escort-heerenveen/,61,1390,4.39%,23.59
https://desire-escorts.nl/escort-wormer/,61,794,7.68%,7.64
https://desire-escorts.nl/en/sex-club-the-hague/,61,748,8.16%,11.03
https://desire-escorts.nl/en/escorts/alee/,61,320,19.06%,4.81
https://desire-escorts.nl/en/long-term-bookings-with-escorts-the-benefits/,61,320,19.06%,10.83
https://desire-escorts.nl/sexclub-schiphol/,60,484,12.4%,8.24
https://desire-escorts.nl/en/escort-soest/,58,1707,3.4%,34.79
https://desire-escorts.nl/en/escort-friesland/,58,1667,3.48%,37.82
https://desire-escorts.nl/escort-hoek-van-holland/,58,1256,4.62%,19.75
https://desire-escorts.nl/en/order-an-escort/,57,881,6.47%,17.51
https://desire-escorts.nl/brunette-escort-dames/,56,3822,1.47%,7.31
https://desire-escorts.nl/escorts/roxy/,55,377,14.59%,8.4
https://desire-escorts.nl/de-legale-escort-industrie-in-nederland/,54,1011,5.34%,20.97
https://desire-escorts.nl/en/sex-club-amersfoort/,54,909,5.94%,11.82
https://desire-escorts.nl/escorts/annabel/,54,438,12.33%,6.83
https://desire-escorts.nl/escorts/lexi/,53,528,10.04%,6.76
https://desire-escorts.nl/escorts/angel/,53,476,11.13%,8.55
https://desire-escorts.nl/escorts/kim/,53,373,14.21%,7.36
https://desire-escorts.nl/en/how-to-recognize-ai-photos-of-escorts-top-5-tips/,52,735,7.07%,10.37
https://desire-escorts.nl/escorts/nina/,51,507,10.06%,8.63
https://desire-escorts.nl/escort-krimpen-aan-den-ijssel/,50,1145,4.37%,14.39
https://desire-escorts.nl/escort-de-bilt/,50,393,12.72%,8.66
https://desire-escorts.nl/en/escort-middelharnis/,50,340,14.71%,9.11
https://desire-escorts.nl/en/a-guide-to-abbreviations-in-the-escort-industry/,49,2242,2.19%,14.13
https://desire-escorts.nl/sexclub-utrecht/,49,1407,3.48%,16.13
https://desire-escorts.nl/en/escort-egmond/,49,991,4.94%,18.76
https://desire-escorts.nl/escorts/lavinia/,48,1263,3.8%,5.64
https://desire-escorts.nl/en/vinkeveen/,48,810,5.93%,18.76
https://desire-escorts.nl/rollenspel-escort/,47,1508,3.12%,12.02
https://desire-escorts.nl/en/zeist/,47,825,5.7%,26.57
https://desire-escorts.nl/escort-julianadorp/,47,349,13.47%,8.59
https://desire-escorts.nl/escorts/adda/,47,292,16.1%,4.98
https://desire-escorts.nl/escort-callantsoog/,47,287,16.38%,8.39
https://desire-escorts.nl/escorts/katy/,47,216,21.76%,8.09
https://desire-escorts.nl/escort-noordwijkerhout/,46,1839,2.5%,11.27
https://desire-escorts.nl/escort-oudewater/,46,349,13.18%,7.34
https://desire-escorts.nl/escort-grootebroek/,46,337,13.65%,8.37
https://desire-escorts.nl/escort-vinkeveen/,45,1403,3.21%,7.74
https://desire-escorts.nl/en/escort-woerden/,45,881,5.11%,35.45
https://desire-escorts.nl/escort-s-gravenzande/,45,764,5.89%,8.01
https://desire-escorts.nl/escorts/rosalie/,45,161,27.95%,8.16
https://desire-escorts.nl/en/oral-sex-service/,44,1973,2.23%,19.3
https://desire-escorts.nl/escort-landsmeer/,44,866,5.08%,5.91
https://desire-escorts.nl/escort-leidschendam/,43,3434,1.25%,12.21
https://desire-escorts.nl/escort-voorschoten/,42,2908,1.44%,11.5
https://desire-escorts.nl/escort-blaricum/,41,3712,1.1%,17.48
https://desire-escorts.nl/en/escort-girls/,41,2032,2.02%,35.92
https://desire-escorts.nl/en/escort-schagen/,41,281,14.59%,13.19
https://desire-escorts.nl/en/escort-zoetermeer/,40,3090,1.29%,63.59
https://desire-escorts.nl/escort-maasdijk/,40,1065,3.76%,9.78
https://desire-escorts.nl/escort-edam/,40,901,4.44%,15.09
https://desire-escorts.nl/escort-woudenberg/,40,383,10.44%,11.45
https://desire-escorts.nl/en/escort-alblasserdam/,40,184,21.74%,9.51
https://desire-escorts.nl/escort-poeldijk/,39,826,4.72%,6.68
https://desire-escorts.nl/licentie/,39,537,7.26%,6.52
https://desire-escorts.nl/escorts/celine/,39,269,14.5%,9.17
https://desire-escorts.nl/escort-in-nederland/,38,5719,0.66%,43.16
https://desire-escorts.nl/sexclub-groningen/,37,802,4.61%,16.11
https://desire-escorts.nl/escorts/mihaela/,36,115,31.3%,7.05
https://desire-escorts.nl/en/escort-maarssen/,35,2671,1.31%,29.04
https://desire-escorts.nl/en/escort-castricum/,35,1433,2.44%,23.56
https://desire-escorts.nl/escorts/lora/,35,166,21.08%,5.65
https://desire-escorts.nl/en/escort-maassluis/,34,1501,2.27%,22.41
https://desire-escorts.nl/en/escort-ladies-in-volendam/,34,1167,2.91%,28.6
https://desire-escorts.nl/en/black-escort/,34,336,10.12%,9.94
https://desire-escorts.nl/escort-anna-paulowna/,34,315,10.79%,9.6
https://desire-escorts.nl/en/illegal-prostitution-in-amsterdam-student-rooms/,34,252,13.49%,11.74
https://desire-escorts.nl/escort-voorburg/,33,2767,1.19%,20.34
https://desire-escorts.nl/escort-halfweg/,33,775,4.26%,7.56
https://desire-escorts.nl/en/escort-uitgeest/,33,730,4.52%,21.15
https://desire-escorts.nl/escort-leerdam/,33,323,10.22%,7.69
https://desire-escorts.nl/en/escort-in-abcoude/,32,2301,1.39%,20.91
https://desire-escorts.nl/en/escorts/lexi/,32,557,5.75%,8.86
https://desire-escorts.nl/en/escort-ridderkerk/,32,264,12.12%,11.77
https://desire-escorts.nl/escort-leiderdorp/,32,161,19.88%,7.11
https://desire-escorts.nl/escort-nieuwkoop/,31,364,8.52%,7.33
https://desire-escorts.nl/en/escorts/olga/,31,213,14.55%,17.97
https://desire-escorts.nl/escort-zwanenburg/,31,198,15.66%,7.8
https://desire-escorts.nl/en/escorts/alessia/,30,386,7.77%,22.48
https://desire-escorts.nl/escorts/roanna/,30,125,24%,3.74
https://desire-escorts.nl/en/escort-flevoland/,29,2871,1.01%,30.15
https://desire-escorts.nl/escort-egmond/,29,1202,2.41%,11.07
https://desire-escorts.nl/escort-duivendrecht/,29,679,4.27%,9.74
https://desire-escorts.nl/en/escort-agency/,28,1339,2.09%,22.62
https://desire-escorts.nl/escort-muiden/,28,1092,2.56%,8.77
https://desire-escorts.nl/escort-ouderkerk-aan-de-amstel/,28,669,4.19%,8.88
https://desire-escorts.nl/en/frequently-asked-questions/,28,497,5.63%,9.06
https://desire-escorts.nl/en/gay-escort/,27,783,3.45%,45.72
https://desire-escorts.nl/en/escort-uithoorn/,27,627,4.31%,37.34
https://desire-escorts.nl/escorts/nicole/,27,121,22.31%,7.21
https://desire-escorts.nl/escort-houten/,26,1832,1.42%,29.41
https://desire-escorts.nl/en/careers/,26,827,3.14%,16.59
https://desire-escorts.nl/en/escort-nieuw-vennep/,26,460,5.65%,33.18
https://desire-escorts.nl/escort-limmen/,26,454,5.73%,3.12
https://desire-escorts.nl/en/rhoon/,26,386,6.74%,7.9
https://desire-escorts.nl/kennisbank/services-ervaring/is-zoenen-met-een-escort-gebruikelijk/,26,122,21.31%,6.28
https://desire-escorts.nl/en/escorts/amanda/,25,2238,1.12%,4.77
https://desire-escorts.nl/escort-berkel-en-rodenrijs/,25,1035,2.42%,11.89
https://desire-escorts.nl/en/kennisbank/location-availability/how-do-i-book-an-escort-in-my-hotel-room/,25,330,7.58%,8.18
https://desire-escorts.nl/escorts/anais/,25,323,7.74%,7.27
https://desire-escorts.nl/en/escorts/denisa/,25,104,24.04%,8.27
https://desire-escorts.nl/en/high-class-escort-ladies/,24,18808,0.13%,71.65
https://desire-escorts.nl/business-escort/,24,1101,2.18%,24.14
https://desire-escorts.nl/escort-bergschenhoek/,24,282,8.51%,11
https://desire-escorts.nl/escorts/stephanie/,24,160,15%,9.16
https://desire-escorts.nl/escort-roelofarendsveen/,24,144,16.67%,5.08
https://desire-escorts.nl/escorts/ariel/,24,142,16.9%,7.96
https://desire-escorts.nl/en/escort-laren/,23,3034,0.76%,22.78
https://desire-escorts.nl/en/escort-overijssel/,23,1052,2.19%,45.09
https://desire-escorts.nl/en/escort-pijnacker/,23,408,5.64%,10.3
https://desire-escorts.nl/over-ons/,23,339,6.78%,11.34
https://desire-escorts.nl/en/escorts/raisa/,23,244,9.43%,21.36
https://desire-escorts.nl/en/sex-club-schiphol/,23,142,16.2%,8.39
https://desire-escorts.nl/escort-hoogkarspel/,23,136,16.91%,7.47
https://desire-escorts.nl/escorts/denisa/,23,120,19.17%,6.47
https://desire-escorts.nl/sexclub-amsterdam/,22,2588,0.85%,43.58
https://desire-escorts.nl/en/escort-badhoevendorp/,22,1903,1.16%,53.06
https://desire-escorts.nl/en/party-escort-girls/,22,893,2.46%,21.73
https://desire-escorts.nl/escort-bunschoten/,22,638,3.45%,18.27
https://desire-escorts.nl/en/escort-zwanenburg/,22,515,4.27%,25.99
https://desire-escorts.nl/escort-oegstgeest/,22,362,6.08%,8.59
https://desire-escorts.nl/en/escort-alphen-aan-den-rijn/,22,319,6.9%,38.37
https://desire-escorts.nl/de-kunst-van-escort-etiquette/,22,166,13.25%,8.15
https://desire-escorts.nl/escorts/ingrid/,22,131,16.79%,6.5
https://desire-escorts.nl/uitgaan-escort/,21,1753,1.2%,14.74
https://desire-escorts.nl/en/escort-heiloo/,21,686,3.06%,12.19
https://desire-escorts.nl/bondage-escort/,21,636,3.3%,19.02
https://desire-escorts.nl/en/escorts/lisa/,21,337,6.23%,22.6
https://desire-escorts.nl/en/escorts/lavinia/,21,228,9.21%,9.36
https://desire-escorts.nl/escort-opmeer/,21,166,12.65%,7.39
https://desire-escorts.nl/escort-middenbeemster/,21,154,13.64%,13.01
https://desire-escorts.nl/escort-lopik/,21,152,13.82%,6.5
https://desire-escorts.nl/en/escorts/adda/,21,152,13.82%,8.41
https://desire-escorts.nl/en/brunette-escort-ladies/,20,1102,1.81%,20.84
https://desire-escorts.nl/en/contact/,20,365,5.48%,11.45
https://desire-escorts.nl/en/is-kissing-with-an-escort-common/,20,288,6.94%,9.77
https://desire-escorts.nl/escort-schoonhoven/,20,239,8.37%,8.02
https://desire-escorts.nl/en/escorts/pandora/,20,224,8.93%,7.54
https://desire-escorts.nl/en/escort-halfweg/,20,181,11.05%,13.65
https://desire-escorts.nl/en/escort-schoonhoven/,20,164,12.2%,8.35
https://desire-escorts.nl/en/about-us/,19,984,1.93%,11.42
https://desire-escorts.nl/sexclub-alkmaar/,19,596,3.19%,19.85
https://desire-escorts.nl/escort-spakenburg/,19,592,3.21%,18.37
https://desire-escorts.nl/escort-bovenkarspel/,19,210,9.05%,10.77
https://desire-escorts.nl/en/escorts/miki/,19,199,9.55%,9.1
https://desire-escorts.nl/escort-bleiswijk/,19,191,9.95%,10.77
https://desire-escorts.nl/en/escort-ladies-in-breukelen/,19,175,10.86%,20.03
https://desire-escorts.nl/escort-avenhorn/,19,129,14.73%,5.95
https://desire-escorts.nl/escort-venhuizen/,19,119,15.97%,7.34
https://desire-escorts.nl/en/escort-julianadorp/,19,92,20.65%,10.38
https://desire-escorts.nl/en/escorts/sophie/,18,1546,1.16%,5.83
https://desire-escorts.nl/en/escort-mijdrecht/,18,931,1.93%,28.78
https://desire-escorts.nl/escort-amsterdam-centrum/,18,706,2.55%,16.81
https://desire-escorts.nl/en/escort-edam/,18,566,3.18%,22.77
https://desire-escorts.nl/escorts/bella/,18,203,8.87%,10.9
https://desire-escorts.nl/en/bleiswijk/,18,90,20%,6.51
https://desire-escorts.nl/escorts/alee/,18,78,23.08%,4.85
https://desire-escorts.nl/escort-abcoude/,17,2759,0.62%,9.71
https://desire-escorts.nl/en/escort-blaricum/,17,1939,0.88%,23.2
https://desire-escorts.nl/escort-beemster/,17,610,2.79%,5.94
https://desire-escorts.nl/desire-escorts-uitgeroepen-tot-beste-bureau/,17,480,3.54%,67.86
https://desire-escorts.nl/escort-zaanstad/,17,316,5.38%,10.34
https://desire-escorts.nl/tips-voor-de-beste-telefoonsex/,17,185,9.19%,7.69
https://desire-escorts.nl/en/escorts/roxy/,17,177,9.6%,7.34
https://desire-escorts.nl/en/escort-oud-beijerland/,17,140,12.14%,10.67
https://desire-escorts.nl/en/escorts/anais/,17,137,12.41%,9.67
https://desire-escorts.nl/en/escorts/katy/,17,134,12.69%,9.37
https://desire-escorts.nl/escorts/jessy/,17,92,18.48%,6.7
https://desire-escorts.nl/escorts/raisa/,17,72,23.61%,6.92
https://desire-escorts.nl/en/escort-heemstede/,16,318,5.03%,17.43
https://desire-escorts.nl/en/escorts/denise/,16,159,10.06%,12.06
https://desire-escorts.nl/hygiene-tips-escort-services/,16,151,10.6%,6.55
https://desire-escorts.nl/en/escort-anna-paulowna/,16,138,11.59%,9.72
https://desire-escorts.nl/en/escorts/ingrid/,16,129,12.4%,7.74
https://desire-escorts.nl/vrijgezellenfeest-escort/,16,127,12.6%,27.83
https://desire-escorts.nl/escorts/cleo/,16,102,15.69%,7.4
https://desire-escorts.nl/kennisbank/locatie-beschikbaarheid/hoe-boek-ik-een-escort-in-mijn-hotelkamer/,16,98,16.33%,9.38
https://desire-escorts.nl/en/escorts/annabel/,16,84,19.05%,8.45
https://desire-escorts.nl/escort-monster/,15,1304,1.15%,8.57
https://desire-escorts.nl/geef-je-seksleven-een-boost-met-een-erotisch-rollenspel/,15,1105,1.36%,35.94
https://desire-escorts.nl/en/escort-ladies-in-weesp/,15,257,5.84%,26.38
https://desire-escorts.nl/en/escorts/catalina/,15,143,10.49%,7.38
https://desire-escorts.nl/en/escort-duivendrecht/,15,124,12.1%,9.65
https://desire-escorts.nl/en/escorts/lucy/,15,122,12.3%,12.53
https://desire-escorts.nl/en/escorts/mihaela/,15,58,25.86%,15.12
https://desire-escorts.nl/escorts/kali/,15,56,26.79%,3.93
https://desire-escorts.nl/en/escort-eemnes/,14,573,2.44%,18.27
https://desire-escorts.nl/kennisbank/services-ervaring/wat-is-precies-de-girlfriend-experience-gfe/,14,478,2.93%,28.18
https://desire-escorts.nl/escort-rhoon/,14,188,7.45%,6.07
https://desire-escorts.nl/en/escorts/roanna/,14,117,11.97%,3.91
https://desire-escorts.nl/escorts/megan/,14,117,11.97%,7.2
https://desire-escorts.nl/escort-koog-aan-de-zaan/,14,110,12.73%,8.07
https://desire-escorts.nl/en/escort-rijswijk/,14,82,17.07%,11.33
https://desire-escorts.nl/en/escorts/nikki/,13,1834,0.71%,3.24
https://desire-escorts.nl/en/hoek-van-holland/,13,665,1.95%,7.94
https://desire-escorts.nl/en/how-to-recognise-a-fake-escort-ad-on-the-internet/,13,348,3.74%,17.41
https://desire-escorts.nl/de-verschillende-vormen-van-prostitutie/,13,290,4.48%,10.82
https://desire-escorts.nl/en/how-to-ensure-good-hygiene-when-ordering-an-escort-service/,13,287,4.53%,8.3
https://desire-escorts.nl/escort-bennebroek/,13,280,4.64%,4
https://desire-escorts.nl/escorts/mary/,13,127,10.24%,8.99
https://desire-escorts.nl/en/escorts/vanessa/,13,80,16.25%,9.62
https://desire-escorts.nl/escorts/catalina/,13,64,20.31%,10.11
https://desire-escorts.nl/en/sgravenzande/,12,465,2.58%,21.8
https://desire-escorts.nl/en/escort-limmen/,12,380,3.16%,5.04
https://desire-escorts.nl/sexclub-den-haag/,12,322,3.73%,28.12
https://desire-escorts.nl/escort-zaandijk/,12,178,6.74%,7.82
https://desire-escorts.nl/en/the-truth-about-nato-summit-rumors-and-escorts/,12,134,8.96%,8.01
https://desire-escorts.nl/en/escorts/megan/,12,66,18.18%,8.85
https://desire-escorts.nl/ethiek-en-moraal-in-de-escortindustrie/,12,49,24.49%,7.2
https://desire-escorts.nl/en/escort-heerhugowaard/,11,332,3.31%,22.2
https://desire-escorts.nl/en/role-play-escort/,11,319,3.45%,9.57
https://desire-escorts.nl/en/product-category/escorts-en/,11,205,5.37%,11.04
https://desire-escorts.nl/en/4-ways-dating-an-escort-can-strengthen-your-relationship/,11,201,5.47%,10.63
https://desire-escorts.nl/escort-papendrecht/,11,172,6.4%,5.67
https://desire-escorts.nl/en/kennisbank/services-experience/what-about-getting-ready-at-an-escort-service/,11,154,7.14%,7.15
https://desire-escorts.nl/escorts/vanessa/,11,153,7.19%,9.41
https://desire-escorts.nl/en/escorts/ariel/,11,143,7.69%,7.23
https://desire-escorts.nl/escort-wieringerwerf/,11,143,7.69%,8.17
https://desire-escorts.nl/en/escorts/bella/,11,125,8.8%,8.54
https://desire-escorts.nl/escort-schipluiden/,10,834,1.2%,5.51
https://desire-escorts.nl/sexclub-rotterdam/,10,369,2.71%,34.9
https://desire-escorts.nl/contact/,10,339,2.95%,11.56
https://desire-escorts.nl/en/escort-monnickendam/,10,188,5.32%,12.04
https://desire-escorts.nl/nieuwsbrief/,10,116,8.62%,8.44
https://desire-escorts.nl/en/escort-papendrecht/,10,104,9.62%,10.34
https://desire-escorts.nl/en/escorts/selin/,10,94,10.64%,6.97
https://desire-escorts.nl/en/escorts/kali/,10,77,12.99%,6.61
https://desire-escorts.nl/de-psychologie-achter-het-gebruik-van-escort-services/,10,70,14.29%,17.4
https://desire-escorts.nl/en/veenendaal/,10,61,16.39%,12.08
https://desire-escorts.nl/escorts/ines/,10,47,21.28%,6.64
https://desire-escorts.nl/en/escort-agencies-in-bussum/,9,392,2.3%,47.29
https://desire-escorts.nl/en/sex-toys-in-the-escort-industry/,9,234,3.85%,10.2
https://desire-escorts.nl/sail-amsterdam-de-nautische-roots-van-de-escortbranche/,9,103,8.74%,7.6
https://desire-escorts.nl/en/sex-club-groningen/,9,82,10.98%,7.66
https://desire-escorts.nl/en/escorts/anda/,9,56,16.07%,9.23
https://desire-escorts.nl/en/escorts/jenn/,9,32,28.12%,10.47
https://desire-escorts.nl/en/escort-katwijk/,8,552,1.45%,37.72
https://desire-escorts.nl/escort-delfgauw/,8,355,2.25%,6.55
https://desire-escorts.nl/en/dinnerdate-escort/,8,304,2.63%,41.06
https://desire-escorts.nl/en/newsletter/,8,233,3.43%,7.64
https://desire-escorts.nl/en/escorts/livana/,8,163,4.91%,8.42
https://desire-escorts.nl/en/bondage-escort/,8,67,11.94%,13.9
https://desire-escorts.nl/escorts/jenn/,8,50,16%,7.78
https://desire-escorts.nl/en/escort-schoorl/,8,41,19.51%,7.88
https://desire-escorts.nl/en/escort-barendrecht/,8,35,22.86%,5.26
https://desire-escorts.nl/en/escort-lopik/,8,27,29.63%,4.63
https://desire-escorts.nl/en/brunette-escorts/,7,550,1.27%,18.56
https://desire-escorts.nl/en/escorts/angel/,7,178,3.93%,10.31
https://desire-escorts.nl/escort-oosthuizen/,7,176,3.98%,2.64
https://desire-escorts.nl/en/safety-and-discretion-at-desire-escorts/,7,162,4.32%,7.25
https://desire-escorts.nl/en/kennisbank/location-availability/is-it-legal-to-have-an-escort-come-to-a-hotel-in-the-netherlands/,7,80,8.75%,5.61
https://desire-escorts.nl/escorts/pandora/,7,80,8.75%,19.38
https://desire-escorts.nl/escorts/andra/,7,78,8.97%,8.91
https://desire-escorts.nl/en/escorts/joy/,7,78,8.97%,10.28
https://desire-escorts.nl/en/escort-bergambacht/,7,77,9.09%,8.09
https://desire-escorts.nl/en/escorts/kimberly/,7,74,9.46%,18.61
https://desire-escorts.nl/escorts/cleopatra/,7,73,9.59%,6.81
https://desire-escorts.nl/en/escorts/nicole/,7,69,10.14%,9.01
https://desire-escorts.nl/en/the-difference-between-desire-and-kinky/,7,52,13.46%,6.46
https://desire-escorts.nl/en/escorts/jessy/,7,41,17.07%,10.88
https://desire-escorts.nl/escort-harmelen/,7,31,22.58%,7.65
https://desire-escorts.nl/escorts/jeniffer/,7,28,25%,5
https://desire-escorts.nl/en/escort-de-bilt/,7,26,26.92%,3.19
https://desire-escorts.nl/werken-als-escort/,6,3134,0.19%,55.49
https://desire-escorts.nl/en/kennisbank/what-exactly-is-the-girlfriend-experience-gfe/,6,486,1.23%,46.96
https://desire-escorts.nl/en/honselersdijk/,6,310,1.94%,8.53
https://desire-escorts.nl/faq/,6,228,2.63%,6.65
https://desire-escorts.nl/en/escort-huizen/,6,203,2.96%,42.6
https://desire-escorts.nl/en/escort-capelle-aan-den-ijssel/,6,159,3.77%,13.01
https://desire-escorts.nl/escort-bergambacht/,6,87,6.9%,4.77
https://desire-escorts.nl/body-2-body-massage/,6,81,7.41%,6.33
https://desire-escorts.nl/en/escort-sliedrecht/,6,67,8.96%,8.13
https://desire-escorts.nl/en/escort-voorburg/,6,66,9.09%,8.35
https://desire-escorts.nl/blog/,6,44,13.64%,22.09
https://desire-escorts.nl/escorts/livana/,6,42,14.29%,11.81
https://desire-escorts.nl/en/escort-wieringerwerf/,6,37,16.22%,16.03
https://desire-escorts.nl/kennisbank/hoe-zit-het-met-klaarkomen-bij-een-escort-service/,6,27,22.22%,6.07
https://desire-escorts.nl/escort-montfoort/,6,24,25%,6.71
https://desire-escorts.nl/escorts/anda/,6,19,31.58%,5.58
https://desire-escorts.nl/escorts/lunnie/,6,16,37.5%,2.38
https://desire-escorts.nl/en/kennisbank/services-experience/what-exactly-is-the-girlfriend-experience-gfe/,5,883,0.57%,49.73
https://desire-escorts.nl/dinnerdate-escort/,5,574,0.87%,49.07
https://desire-escorts.nl/escorts/anely/,5,455,1.1%,60.13
https://desire-escorts.nl/en/escort-loosdrecht/,5,236,2.12%,12.03
https://desire-escorts.nl/escort-bloemendaal/,5,236,2.12%,22.44
https://desire-escorts.nl/escort-bunnik/,5,130,3.85%,5.99
https://desire-escorts.nl/en/escorts/lora/,5,107,4.67%,8.39
https://desire-escorts.nl/4-manieren-waarop-daten-met-een-escort-je-relatie-kan-versterken/,5,102,4.9%,22.16
https://desire-escorts.nl/en/escorts/michelle/,5,74,6.76%,16.61
https://desire-escorts.nl/en/bachelor-party-escort/,5,73,6.85%,11.48
https://desire-escorts.nl/en/escorts/stephanie/,5,65,7.69%,14.77
https://desire-escorts.nl/en/kennisbank/how-do-i-book-an-escort-in-my-hotel-room/,5,64,7.81%,8.36
https://desire-escorts.nl/en/escorts/angella/,5,33,15.15%,5.91
https://desire-escorts.nl/escort-poortugaal/,5,28,17.86%,6.71
https://desire-escorts.nl/en/escort-koog-aan-de-zaan/,5,28,17.86%,7.86
https://desire-escorts.nl/en/escort-bunschoten/,5,14,35.71%,3.21
https://desire-escorts.nl/en/services/,4,295,1.36%,21.08
https://desire-escorts.nl/en/webcamsex/,4,276,1.45%,17.37
https://desire-escorts.nl/en/escort-oostzaan/,4,222,1.8%,15.27
https://desire-escorts.nl/en/escort-velsen/,4,158,2.53%,14.58
https://desire-escorts.nl/de-waarheid-over-de-geruchten-rond-de-navo-top-en-escorts/,4,94,4.26%,22.11
https://desire-escorts.nl/en/blog/,4,80,5%,14.46
https://desire-escorts.nl/en/the-psychology-behind-using-escort-services/,4,71,5.63%,9.62
https://desire-escorts.nl/en/enrich-your-ade-experience-luxury-discretion-the-going-out-escort-service/,4,60,6.67%,11.85
https://desire-escorts.nl/en/escort-bovenkarspel/,4,51,7.84%,16.63
https://desire-escorts.nl/en/kennisbank/is-whatsapp-communication-secure-and-encrypted/,4,49,8.16%,6.98
https://desire-escorts.nl/escorts/angella/,4,36,11.11%,9.06
https://desire-escorts.nl/escorts/oxana/,4,33,12.12%,21.12
https://desire-escorts.nl/en/escorts/kim/,4,30,13.33%,8.43
https://desire-escorts.nl/en/escort-driebergen-rijsenburg/,4,29,13.79%,10.28
https://desire-escorts.nl/en/escorts/dalya/,4,29,13.79%,17.45
https://desire-escorts.nl/escort-spanbroek/,4,28,14.29%,6.46
https://desire-escorts.nl/en/escorts/oxana/,4,28,14.29%,10.79
https://desire-escorts.nl/escort-vogelenzang/,4,26,15.38%,6.81
https://desire-escorts.nl/escorts/michelle-2/,4,26,15.38%,14.04
https://desire-escorts.nl/escort-obdam/,4,19,21.05%,5.89
https://desire-escorts.nl/escort-zwaag/,4,19,21.05%,9
https://desire-escorts.nl/en/fetish-escort/,4,18,22.22%,7.28
https://desire-escorts.nl/kennisbank/prijzen-betaling/hoe-werkt-de-verplichte-aanbetaling-en-wanneer-betaal-ik-de-rest/,4,17,23.53%,6.71
https://desire-escorts.nl/escort-honselersdijk/,4,17,23.53%,7.47
https://desire-escorts.nl/en/escort-nieuwkoop/,4,16,25%,14.12
https://desire-escorts.nl/escort-kwintsheul/,4,10,40%,4.6
https://desire-escorts.nl/en/escort-leidschendam/,3,1145,0.26%,43.56
https://desire-escorts.nl/en/escorts/andra/,3,536,0.56%,3.98
https://desire-escorts.nl/en/why-desire-escorts/,3,379,0.79%,5.3
https://desire-escorts.nl/en/tantra-escort/,3,358,0.84%,25.03
https://desire-escorts.nl/en/the-best-amsterdam-escorts/,3,196,1.53%,58.76
https://desire-escorts.nl/escort-spaarndam/,3,193,1.55%,5.95
https://desire-escorts.nl/en/the-different-forms-of-prostitution/,3,185,1.62%,24.05
https://desire-escorts.nl/en/escort-simonshaven/,3,173,1.73%,9.01
https://desire-escorts.nl/en/striptease-escort/,3,159,1.89%,30.36
https://desire-escorts.nl/kennisbank/locatie-beschikbaarheid/wat-is-outcall-de-definitie-en-de-voordelen/,3,101,2.97%,7.96
https://desire-escorts.nl/en/poeldijk/,3,97,3.09%,13.49
https://desire-escorts.nl/veiligheid-en-discretie-bij-desire-escorts/,3,79,3.8%,11.92
https://desire-escorts.nl/en/escorts/izabelle/,3,53,5.66%,5.62
https://desire-escorts.nl/en/escorts/rosalie/,3,53,5.66%,14.83
https://desire-escorts.nl/en/escorts/mary/,3,51,5.88%,7.22
https://desire-escorts.nl/illegale-prostitutie-in-amsterdamse-studentenkamers/,3,50,6%,20.78
https://desire-escorts.nl/sexspeeltjes-met-een-escort/,3,40,7.5%,17
https://desire-escorts.nl/en/escort-bloemendaal/,3,39,7.69%,19.21
https://desire-escorts.nl/en/product-category/cheap-escorts/,3,35,8.57%,7.43
https://desire-escorts.nl/verschil-desire-kinky/,3,30,10%,4.53
https://desire-escorts.nl/en/escort-wormerveer/,3,25,12%,5.84
https://desire-escorts.nl/en/escort-avenhorn/,3,25,12%,7.08
https://desire-escorts.nl/en/escort-assendelft/,3,22,13.64%,12.77
https://desire-escorts.nl/en/escorts/celine/,3,21,14.29%,10
https://desire-escorts.nl/en/wateringen/,3,20,15%,6.1
https://desire-escorts.nl/en/zaandijk/,3,20,15%,9.5
https://desire-escorts.nl/en/escort-oudewater/,3,15,20%,13.47
https://desire-escorts.nl/arbeidsomstandigheden-online-sekswerkers-onder-de-loep/,3,14,21.43%,12.07
https://desire-escorts.nl/en/escort-leusden/,3,13,23.08%,4.62
https://desire-escorts.nl/en/escort-harmelen/,3,13,23.08%,9.08
https://desire-escorts.nl/en/maasdijk/,3,12,25%,10.67
https://desire-escorts.nl/en/kennisbank/rate-payments/what-payment-methods-do-you-accept/,3,10,30%,2.6
https://desire-escorts.nl/en/kennisbank/how-do-i-book-an-escort-at-an-airport-hotel-or-near-schiphol-airport/,3,8,37.5%,7.12
https://desire-escorts.nl/en/escort-voorschoten/,2,494,0.4%,29.07
https://desire-escorts.nl/een-gids-voor-afkortingen-in-de-escortbranche/,2,224,0.89%,8.97
https://desire-escorts.nl/en/escort-naarden/,2,129,1.55%,15.94
https://desire-escorts.nl/en/kennisbank/services-experience/is-kissing-with-an-escort-common/,2,79,2.53%,6.82
https://desire-escorts.nl/en/escort-berkel-and-rodenrijs/,2,77,2.6%,9.65
https://desire-escorts.nl/escort-wateringen/,2,67,2.99%,7.91
https://desire-escorts.nl/escort-oostzaan/,2,61,3.28%,3.93
https://desire-escorts.nl/europese-escorts/,2,57,3.51%,4
https://desire-escorts.nl/en/escorts/nina/,2,52,3.85%,14.29
https://desire-escorts.nl/product-categorie/bdsm-escorts/,2,48,4.17%,22.56
https://desire-escorts.nl/kennisbank/locatie-beschikbaarheid/is-het-legaal-om-een-escort-naar-een-hotel-te-laten-komen-in-nederland/,2,42,4.76%,7.64
https://desire-escorts.nl/kennisbank/services-ervaring/de-eerste-afspraak-met-een-escort-gids-en-tips/,2,41,4.88%,15.59
https://desire-escorts.nl/escort-maartensdijk/,2,29,6.9%,5.31
https://desire-escorts.nl/en/escort-woudenberg/,2,29,6.9%,14.38
https://desire-escorts.nl/en/escorts/anely/,2,28,7.14%,7.39
https://desire-escorts.nl/en/kennisbank/escort-etiquette-what-is-professional-behavior-during-the-encounter/,2,27,7.41%,36.85
https://desire-escorts.nl/waarom-desire-escorts/,2,24,8.33%,26.88
https://desire-escorts.nl/en/escort-hoogkarspel/,2,23,8.7%,9.96
https://desire-escorts.nl/escorts/adrianna/,2,21,9.52%,4.9
https://desire-escorts.nl/escort-ursem/,2,20,10%,5.9
https://desire-escorts.nl/en/escort-roelofarendsveen/,2,19,10.53%,8.79
https://desire-escorts.nl/en/choose-security-the-importance-of-an-official-license/,2,18,11.11%,8.72
https://desire-escorts.nl/en/escort-leiderdorp/,2,18,11.11%,10.17
https://desire-escorts.nl/escorts/izabelle/,2,16,12.5%,3.56
https://desire-escorts.nl/en/escorts/lunnie/,2,16,12.5%,4
https://desire-escorts.nl/escort-petten/,2,15,13.33%,22.47
https://desire-escorts.nl/escort-baambrugge/,2,14,14.29%,10.5
https://desire-escorts.nl/en/escorts/danya/,2,13,15.38%,6.31
https://desire-escorts.nl/en/escort-nieuwegein/,2,13,15.38%,9.23
https://desire-escorts.nl/escort-tuitjenhorn/,2,11,18.18%,6
https://desire-escorts.nl/en/poortugaal/,2,9,22.22%,5.22
https://desire-escorts.nl/kennisbank/prijzen-betaling/moet-ik-fooien-geven-en-hoe-vaak-is-dat-gebruikelijk/,2,8,25%,3
https://desire-escorts.nl/en/escort-montfoort/,2,8,25%,4.38
https://desire-escorts.nl/en/escorts/adrianna/,2,8,25%,18.25
https://desire-escorts.nl/kennisbank/prijzen-betaling/wat-is-het-beleid-voor-restituties-bij-annulering-door-de-escort/,2,7,28.57%,2.71
https://desire-escorts.nl/en/escort-middenbeemster/,2,7,28.57%,7.43
https://desire-escorts.nl/kennisbank/de-eerste-afspraak-met-een-escort-gids-en-tips/,2,6,33.33%,7.17
https://desire-escorts.nl/en/escort-venhuizen/,2,6,33.33%,7.5
https://desire-escorts.nl/kennisbank/services-ervaring/duo-of-groepsservices-wat-zijn-de-regels-en-hoe-boek-ik-dit/,2,6,33.33%,13
https://desire-escorts.nl/en/escorts/jeniffer/,2,5,40%,3.8
https://desire-escorts.nl/en/escort-aerdenhout/,1,685,0.15%,5.42
https://desire-escorts.nl/escorts/danya/,1,504,0.2%,3.42
https://desire-escorts.nl/services/,1,437,0.23%,21.73
https://desire-escorts.nl/en/schipluiden/,1,402,0.25%,10.88
https://desire-escorts.nl/en/kennisbank/location-availability/what-is-outcall-the-definition-and-benefits/,1,231,0.43%,9.56
https://desire-escorts.nl/escort-aerdenhout/,1,175,0.57%,3.59
https://desire-escorts.nl/en/kennisbank/services-experience/the-first-date-with-an-escort-guide-and-tips/,1,169,0.59%,26.58
https://desire-escorts.nl/verrijk-je-ade-ervaring-luxe-discretie-de-uitgaan-escort-service/,1,155,0.65%,31.59
https://desire-escorts.nl/en/the-future-of-escort-services-innovations-and-trends/,1,153,0.65%,15.66
https://desire-escorts.nl/en/escort-muiden/,1,108,0.93%,18.94
https://desire-escorts.nl/en/escorts/cleopatra/,1,104,0.96%,9.92
https://desire-escorts.nl/escort-linschoten/,1,97,1.03%,2.87
https://desire-escorts.nl/en/corner-of-holland/,1,89,1.12%,6.81
https://desire-escorts.nl/en/escort-culemborg/,1,61,1.64%,9.84
https://desire-escorts.nl/en/escort-zaanstad/,1,59,1.69%,9.58
https://desire-escorts.nl/en/kennisbank/,1,56,1.79%,3.93
https://desire-escorts.nl/een-nachtje-uit-of-thuis/,1,55,1.82%,48.53
https://desire-escorts.nl/en/de-lier/,1,54,1.85%,12.81
https://desire-escorts.nl/en/the-history-and-evolution-of-escort-services/,1,43,2.33%,7.79
https://desire-escorts.nl/en/how-to-choose-the-right-escort-7-steps/,1,41,2.44%,14.56
https://desire-escorts.nl/en/the-art-of-escort-etiquette/,1,36,2.78%,10.28
https://desire-escorts.nl/en/kennisbank/services-experience/should-i-bring-gifts-or-personal-items-for-the-escort/,1,35,2.86%,6.94
https://desire-escorts.nl/en/working-conditions-online-sex-workers-under-the-magnifying-glass-what-we-can-learn-from-the-webcam-industry/,1,34,2.94%,9.68
https://desire-escorts.nl/kies-veiligheid-het-belang-van-een-officiele-licentie/,1,32,3.12%,11.75
https://desire-escorts.nl/escort-kudelstaart/,1,30,3.33%,8.83
https://desire-escorts.nl/hoe-herken-je-ai-fotos-van-escorts-top-5-tips/,1,30,3.33%,14.47
https://desire-escorts.nl/escort-monnickendam/,1,27,3.7%,8.11
https://desire-escorts.nl/en/kennisbank/duo-or-group-services-what-are-the-rules-and-how-do-i-book-it/,1,26,3.85%,5.88
https://desire-escorts.nl/en/body-2-body-massage-service/,1,26,3.85%,8.92
https://desire-escorts.nl/de-geschiedenis-en-evolutie-van-escortservices/,1,23,4.35%,20.48
https://desire-escorts.nl/en/escorts/cleo/,1,23,4.35%,51.7
https://desire-escorts.nl/kennisbank/is-zoenen-met-een-escort-gebruikelijk/,1,22,4.55%,6.73
https://desire-escorts.nl/en/tips-for-the-best-phone-sex/,1,22,4.55%,23.64
https://desire-escorts.nl/en/kennisbank/is-kissing-with-an-escort-common/,1,21,4.76%,10
https://desire-escorts.nl/en/what-about-cumming-at-an-escort-service/,1,20,5%,8.35
https://desire-escorts.nl/kennisbank/boeken-reserveringen/wat-is-de-minimale-leeftijd-voor-het-boeken-van-een-escort-bij-desire-escorts/,1,19,5.26%,6.68
https://desire-escorts.nl/kennisbank/services-ervaring/escort-etiquette-wat-is-professioneel-gedrag-tijdens-de-ontmoeting/,1,17,5.88%,4.82
https://desire-escorts.nl/en/what-about-getting-ready-at-an-escort-service/,1,17,5.88%,7.71
https://desire-escorts.nl/en/escort-landsmeer/,1,17,5.88%,10.18
https://desire-escorts.nl/en/escort-spakenburg/,1,16,6.25%,6
https://desire-escorts.nl/en/escort-krimpen-aan-den-ijssel/,1,16,6.25%,7.06
https://desire-escorts.nl/en/kennisbank/services-experience/duo-or-group-services-what-are-the-rules-and-how-do-i-book-it/,1,16,6.25%,7.19
https://desire-escorts.nl/en/kennisbank/what-about-getting-ready-at-an-escort-service/,1,15,6.67%,8.07
https://desire-escorts.nl/en/escort-kudelstaart/,1,15,6.67%,8.2
https://desire-escorts.nl/kennisbank/wat-is-outcall-de-definitie-en-de-voordelen/,1,14,7.14%,6.07
https://desire-escorts.nl/en/terms-and-conditions/,1,14,7.14%,6.57
https://desire-escorts.nl/product-categorie/escorts/,1,14,7.14%,9.5
https://desire-escorts.nl/en/kennisbank/what-happens-if-i-am-late-for-my-appointment-time-and-rules/,1,12,8.33%,4
https://desire-escorts.nl/en/escort-opmeer/,1,12,8.33%,11.92
https://desire-escorts.nl/en/bergschenhoek/,1,12,8.33%,24.42
https://desire-escorts.nl/en/e-floating-buttons/mobile-cta/,1,11,9.09%,4.09
https://desire-escorts.nl/kennisbank/hoe-boek-ik-een-escort-in-mijn-hotelkamer/,1,10,10%,7.7
https://desire-escorts.nl/kennisbank/prijzen-betaling/welke-betaalmethoden-accepteren-jullie/,1,10,10%,7.7
https://desire-escorts.nl/en/escort-grootebroek/,1,10,10%,9.3
https://desire-escorts.nl/en/escort-wormer/,1,10,10%,11.4
https://desire-escorts.nl/kennisbank/discretie-veiligheid/is-whatsapp-communicatie-veilig-en-versleuteld/,1,9,11.11%,12.22
https://desire-escorts.nl/kennisbank/identificatie-id-vereisten-moet-ik-mij-legitimeren-en-waarom/,1,8,12.5%,6.62
https://desire-escorts.nl/en/escorts/ioana/,1,8,12.5%,11.25
https://desire-escorts.nl/en/kennisbank/how-can-i-cancel-or-change-a-booking-last-minute/,1,7,14.29%,10.29
https://desire-escorts.nl/escorts/selin/,1,6,16.67%,5.5
https://desire-escorts.nl/en/kennisbank/discretion-safety/how-do-you-guarantee-absolute-discretion-and-anonymity/,1,6,16.67%,9.17
https://desire-escorts.nl/kennisbank/,1,5,20%,2.6
https://desire-escorts.nl/kennisbank/discretie-veiligheid/zijn-alle-escorts-legaal-en-gescreend/,1,5,20%,4.4
https://desire-escorts.nl/kennisbank/boeken-reserveringen/wat-moet-ik-voorbereiden-of-regelen-voor-de-afspraak/,1,5,20%,6
https://desire-escorts.nl/en/escort-callantsoog/,1,5,20%,13.4
https://desire-escorts.nl/en/kennisbank/is-it-legal-to-have-an-escort-come-to-a-hotel-in-the-netherlands/,1,5,20%,17.8
https://desire-escorts.nl/product-categorie/alkmaar/,1,4,25%,2
https://desire-escorts.nl/en/escorts/ines/,1,4,25%,3
https://desire-escorts.nl/en/kennisbank/hoe-maak-je-een-discrete-en-succesvolle-eerste-boeking-bij-desire-escorts/,1,4,25%,4.25
https://desire-escorts.nl/en/escort-petten/,1,4,25%,7
https://desire-escorts.nl/en/escort-obdam/,1,4,25%,8.5
https://desire-escorts.nl/escort-zuiderwoude/,1,4,25%,25.75
https://desire-escorts.nl/en/kennisbank/should-i-bring-gifts-or-personal-items-for-the-escort/,1,3,33.33%,4
https://desire-escorts.nl/en/escort-zwaag/,1,3,33.33%,7
https://desire-escorts.nl/escorts/Nikki/,1,3,33.33%,8.67
https://desire-escorts.nl/kennisbank/services-ervaring/hoe-zit-het-met-klaarkomen-bij-een-escort-service/,1,3,33.33%,15
https://desire-escorts.nl/kennisbank/onder-welke-nederlandse-autoriteit-en-regelgeving-valt-desire-escorts/,1,3,33.33%,16.67
https://desire-escorts.nl/kennisbank/hoe-werkt-de-verplichte-aanbetaling-en-wanneer-betaal-ik-de-rest/,1,3,33.33%,17
https://desire-escorts.nl/en/kwintsheul/,1,2,50%,2
https://desire-escorts.nl/en/kennisbank/bookings-reservation/identification-id-requirements-do-i-need-identification-and-why/,1,2,50%,2.5
https://desire-escorts.nl/en/escorts/annays/,1,2,50%,13
https://desire-escorts.nl/en/kennisbank-categorie/location-availability/,1,1,100%,1
https://desire-escorts.nl/en/kennisbank/what-are-the-absolute-limits-and-non-negotiable-rules/,1,1,100%,1
https://desire-escorts.nl/en/kennisbank/bookings-reservation/what-do-i-need-to-prepare-or-arrange-before-the-appointment/,1,1,100%,2
https://desire-escorts.nl/en/escorts/roxy-2/,1,1,100%,12
https://desire-escorts.nl/en/escort-spaarndam/,0,315,0%,14.02
https://desire-escorts.nl/en/escort-bilthoven/,0,195,0%,44.32
https://desire-escorts.nl/en/escort-ouderkerk-aan-de-amstel/,0,159,0%,19.54
https://desire-escorts.nl/en/escort-bennebroek/,0,131,0%,12.89
https://desire-escorts.nl/escort-lijnden/,0,103,0%,8.5
https://desire-escorts.nl/en/kennisbank/services-experience/escort-etiquette-what-is-professional-behavior-during-the-encounter/,0,90,0%,59.44
https://desire-escorts.nl/en/escort-t-gooi/,0,76,0%,19.08
https://desire-escorts.nl/en/escort-bunnik/,0,70,0%,9.26
https://desire-escorts.nl/en/sail-amsterdam-the-nautical-roots-of-the-escort-industry/,0,68,0%,10.29
https://desire-escorts.nl/en/kennisbank/rate-payments/what-is-the-policy-for-refunds-in-case-of-cancellation-by-the-escort/,0,61,0%,9.05
https://desire-escorts.nl/en/kennisbank/the-first-date-with-an-escort-guide-and-tips/,0,60,0%,37.02
https://desire-escorts.nl/en/escort-oosthuizen/,0,58,0%,3.86
https://desire-escorts.nl/en/kennisbank/what-is-outcall-the-definition-and-benefits/,0,52,0%,7.62
https://desire-escorts.nl/escort-simonshaven/,0,38,0%,3.95
https://desire-escorts.nl/kennisbank/wat-is-precies-de-girlfriend-experience-gfe/,0,38,0%,28.87
https://desire-escorts.nl/en/sm-escorts-service/,0,33,0%,12.21
https://desire-escorts.nl/en/escort-linschoten/,0,21,0%,4.9
https://desire-escorts.nl/en/ethics-and-morals-in-the-escort-industry/,0,21,0%,8.52
https://desire-escorts.nl/en/boost-your-sex-life-with-an-erotic-role-playing-game/,0,21,0%,12.24
https://desire-escorts.nl/kennisbank/kan-ik-een-escort-boeken-voor-reizen-naar-het-buitenland-internationale-boekingen/,0,21,0%,13.24
https://desire-escorts.nl/kennisbank/is-het-legaal-om-een-escort-naar-een-hotel-te-laten-komen-in-nederland/,0,19,0%,6.53
https://desire-escorts.nl/en/kennisbank/rate-payments/should-i-tip-and-how-often-is-it-common/,0,19,0%,8.16
https://desire-escorts.nl/en/kennisbank/discretion-safety/are-all-escorts-legal-and-screened/,0,18,0%,4.28
https://desire-escorts.nl/en/kennisbank/what-is-the-policy-for-refunds-in-case-of-cancellation-by-the-escort/,0,16,0%,6.38
https://desire-escorts.nl/en/product-category/uncategorized-en/,0,16,0%,28.12
https://desire-escorts.nl/en/kennisbank/are-all-escorts-legal-and-screened/,0,15,0%,4.07
https://desire-escorts.nl/algemene-voorwaarden/,0,15,0%,7.67
https://desire-escorts.nl/en/product-category/bdsm-escorts-en/,0,15,0%,39
https://desire-escorts.nl/en/kennisbank/identification-id-requirements-do-i-need-identification-and-why/,0,14,0%,8.79
https://desire-escorts.nl/escort-ijsselstein/,0,13,0%,4.85
https://desire-escorts.nl/en/privacy-policy/,0,13,0%,5.85
https://desire-escorts.nl/en/escort-rhenen/,0,12,0%,5.42
https://desire-escorts.nl/en/kennisbank/rate-payments/what-are-the-exact-rates-and-what-is-included/,0,12,0%,5.5
https://desire-escorts.nl/wp-content/uploads/2024/04/cropped-favicon-1.png,0,11,0%,2
https://desire-escorts.nl/kennisbank/escort-etiquette-wat-is-professioneel-gedrag-tijdens-de-ontmoeting/,0,11,0%,4.36
https://desire-escorts.nl/escort-winkel/,0,10,0%,4.5
https://desire-escorts.nl/de-beste-amsterdam-escorts/,0,10,0%,25.6
https://desire-escorts.nl/en/kennisbank-categorie/rate-payments/,0,9,0%,3.44
https://desire-escorts.nl/escort-broek-in-waterland/,0,9,0%,6.56
https://desire-escorts.nl/privacybeleid/,0,9,0%,6.78
https://desire-escorts.nl/en/escort-delfgauw/,0,9,0%,23.56
https://desire-escorts.nl/en/category/location-page-en/page/6/,0,9,0%,74.22
https://desire-escorts.nl/en/category/generic-en/,0,8,0%,3.5
https://desire-escorts.nl/en/escorts/danya-kopie/,0,8,0%,5
https://desire-escorts.nl/en/kennisbank-categorie/services-experience/,0,8,0%,5
https://desire-escorts.nl/kennisbank/hoe-boek-ik-een-escort-in-een-luchthavenhotel-of-nabij-schiphol/,0,8,0%,15.88
https://desire-escorts.nl/kennisbank-categorie/boeken-reserveringen/,0,7,0%,2
https://desire-escorts.nl/kennisbank-categorie/locatie-beschikbaarheid/,0,7,0%,3
https://desire-escorts.nl/kennisbank/services-ervaring/hoe-communiceer-ik-mijn-wensen-discreet-vooraf/,0,7,0%,5.29
https://desire-escorts.nl/en/product-category/erotic-massage-escorts/,0,7,0%,7.29
https://desire-escorts.nl/en/kennisbank/how-does-the-mandatory-deposit-work-and-when-do-i-pay-the-rest/,0,7,0%,8.43
https://desire-escorts.nl/kies-de-juiste-escort/,0,7,0%,11
https://desire-escorts.nl/kennisbank-categorie/prijzen-betaling/,0,7,0%,15.29
https://desire-escorts.nl/en/kennisbank/location-availability/multi-day-booking-what-are-the-conditions-and-schedule/,0,6,0%,4
https://desire-escorts.nl/en/business-escort/,0,6,0%,7.5
https://desire-escorts.nl/en/nieuwerkerk-aan-den-ijssel/,0,6,0%,10.17
https://desire-escorts.nl/en/kennisbank/what-are-the-exact-rates-and-what-is-included/,0,5,0%,1.2
https://desire-escorts.nl/kennisbank/boeken-reserveringen/identificatie-id-vereisten-moet-ik-mij-legitimeren-en-waarom/,0,5,0%,4.2
https://desire-escorts.nl/en/kennisbank/location-availability/is-it-possible-to-book-in-smaller-towns-or-remote-areas/,0,5,0%,5
https://desire-escorts.nl/kennisbank-categorie/discretie-veiligheid/,0,5,0%,5.2
https://desire-escorts.nl/kennisbank/moet-ik-cadeaus-of-persoonlijke-items-meenemen-voor-de-escort/,0,5,0%,5.6
https://desire-escorts.nl/kennisbank/prijzen-betaling/wat-zijn-de-exacte-tarieven-en-wat-is-inbegrepen/,0,5,0%,6.4
https://desire-escorts.nl/kennisbank-categorie/services-ervaring/,0,5,0%,7
https://desire-escorts.nl/en/escort-noordwijkerhout/,0,5,0%,8
https://desire-escorts.nl/kennisbank/zijn-alle-escorts-legaal-en-gescreend/,0,5,0%,8.8
https://desire-escorts.nl/kennisbank/boeken-reserveringen/hoe-kan-ik-een-boeking-last-minute-annuleren-of-wijzigen/,0,5,0%,29.8
https://desire-escorts.nl/kennisbank/discretie-veiligheid/onder-welke-nederlandse-autoriteit-en-regelgeving-valt-desire-escorts/,0,4,0%,1.75
https://desire-escorts.nl/en/kennisbank/services-experience/what-are-the-absolute-limits-and-non-negotiable-rules/,0,4,0%,2.5
https://desire-escorts.nl/escorts/annays/,0,4,0%,2.5
https://desire-escorts.nl/en/kennisbank/rate-payments/how-does-the-mandatory-deposit-work-and-when-do-i-pay-the-rest/,0,4,0%,4.75
https://desire-escorts.nl/en/kennisbank/under-which-dutch-authority-and-regulations-does-desire-escorts-fall/,0,4,0%,5
https://desire-escorts.nl/kennisbank/multi-day-boeking-wat-zijn-de-voorwaarden-en-planning-outcall-service/,0,4,0%,6
https://desire-escorts.nl/en/kennisbank/how-do-i-discreetly-communicate-my-wishes-in-advance/,0,4,0%,6.25
https://desire-escorts.nl/kennisbank/discretie-veiligheid/hoe-garanderen-jullie-de-absolute-discretie-en-anonimiteit/,0,4,0%,7.25
https://desire-escorts.nl/en/escort-tuitjenhorn/,0,4,0%,8.5
https://desire-escorts.nl/en/kennisbank-categorie/discretion-safety/,0,4,0%,10
https://desire-escorts.nl/en/kennisbank/services-experience/how-do-i-discreetly-communicate-my-wishes-in-advance/,0,4,0%,12
https://desire-escorts.nl/kennisbank/hoe-maak-je-een-discrete-en-succesvolle-eerste-boeking-bij-desire-escorts/,0,4,0%,12.25
https://desire-escorts.nl/en/kennisbank/discretion-safety/how-long-and-where-will-my-personal-data-be-kept/,0,4,0%,13.25
https://desire-escorts.nl/en/escort-oegstgeest/,0,4,0%,24.75
https://desire-escorts.nl/en/kennisbank/how-does-online-payment-appear-on-my-bank-statement-financial-discretion/,0,4,0%,30.25
https://desire-escorts.nl/en/escort-ursem/,0,4,0%,45.5
https://desire-escorts.nl/en/kennisbank/location-availability/how-are-travel-costs-for-longer-distances-calculated-and-communicated/,0,3,0%,1.67
https://desire-escorts.nl/kennisbank/boeken-reserveringen/hoe-maak-je-een-discrete-en-succesvolle-eerste-boeking-bij-desire-escorts/,0,3,0%,1.67
https://desire-escorts.nl/en/kennisbank/how-long-and-where-will-my-personal-data-be-kept/,0,3,0%,2.33
https://desire-escorts.nl/en/party-escort/,0,3,0%,4
https://desire-escorts.nl/en/kennisbank/multi-day-booking-what-are-the-conditions-and-schedule/,0,3,0%,4.67
https://desire-escorts.nl/en/escort-leerdam/,0,3,0%,6
https://desire-escorts.nl/en/kennisbank/what-payment-methods-do-you-accept/,0,3,0%,6.67
https://desire-escorts.nl/en/kennisbank/bookings-reservation/hoe-maak-je-een-discrete-en-succesvolle-eerste-boeking-bij-desire-escorts/,0,3,0%,7
https://desire-escorts.nl/en/kennisbank/are-there-any-hidden-costs-or-unexpected-surcharges-financial-transparency/,0,3,0%,7.33
https://desire-escorts.nl/en/kennisbank/can-i-book-an-escort-for-travel-abroad-international-bookings/,0,3,0%,8
https://desire-escorts.nl/party-escort-girls/,0,3,0%,30
https://desire-escorts.nl/en/kennisbank/how-are-travel-costs-for-longer-distances-calculated-and-communicated/,0,2,0%,1
https://desire-escorts.nl/en/kennisbank/what-do-i-need-to-prepare-or-arrange-before-the-appointment/,0,2,0%,1
https://desire-escorts.nl/kennisbank/hoe-verschijnt-de-online-betaling-op-mijn-bankafschrift-financiele-discretie/,0,2,0%,1
https://desire-escorts.nl/kennisbank/wat-gebeurt-er-als-ik-te-laat-ben-voor-mijn-afspraak-tijd-en-regels/,0,2,0%,2
https://desire-escorts.nl/de-toekomst-van-escort-services/,0,2,0%,3
https://desire-escorts.nl/kennisbank/wat-gebeurt-er-als-er-vertraging-is-vanwege-verkeer-of-wegomlegging-aankomsttijd/,0,2,0%,3
https://desire-escorts.nl/kennisbank/boeken-reserveringen/wat-gebeurt-er-als-ik-te-laat-ben-voor-mijn-afspraak-tijd-en-regels/,0,2,0%,3.5
https://desire-escorts.nl/respectvol-gedrag-tegen-escorts-betaalt-zich-uit/,0,2,0%,4
https://desire-escorts.nl/en/kennisbank/how-can-i-book-a-specific-escort-for-a-recurring-appointment/,0,2,0%,5
https://desire-escorts.nl/kennisbank/wat-is-het-beleid-voor-restituties-bij-annulering-door-de-escort/,0,2,0%,5
https://desire-escorts.nl/kennisbank/wat-zijn-de-exacte-tarieven-en-wat-is-inbegrepen/,0,2,0%,5.5
https://desire-escorts.nl/kennisbank/locatie-beschikbaarheid/multi-day-boeking-wat-zijn-de-voorwaarden-en-planning-outcall-service/,0,2,0%,6
https://desire-escorts.nl/en/kennisbank-categorie/bookings-reservation/,0,2,0%,7.5
https://desire-escorts.nl/en/escort-spanbroek/,0,2,0%,8
https://desire-escorts.nl/kennisbank/discretie-veiligheid/wat-is-de-procedure-bij-een-klacht-of-een-geschil/,0,2,0%,8
https://desire-escorts.nl/conseils-pour-le-meilleur-sexe-par-telephone-2/,0,2,0%,9
https://desire-escorts.nl/kennisbank/wat-zijn-de-exacte-kosten-van-de-online-betalingstoeslag/,0,2,0%,9
https://desire-escorts.nl/en/kennisbank/how-do-you-guarantee-absolute-discretion-and-anonymity/,0,2,0%,16.5
https://desire-escorts.nl/en/kennisbank/bookings-reservation/what-is-the-minimum-age-for-booking-an-escort-with-desire-escorts/,0,2,0%,18
https://desire-escorts.nl/escorts/ioana/,0,2,0%,20.5
https://desire-escorts.nl/en/kennisbank/how-do-i-discuss-sensitive-topics-or-fantasies-that-are-not-standard/,0,2,0%,22.5
https://desire-escorts.nl/en/escort-beemster/,0,2,0%,24.5
https://desire-escorts.nl/en/category/location-page-en/page/4/,0,1,0%,1
https://desire-escorts.nl/kennisbank/hoe-kan-ik-een-boeking-last-minute-annuleren-of-wijzigen/,0,1,0%,2
https://desire-escorts.nl/en/kennisbank/bookings-reservation/can-i-extend-the-booking-time-on-the-spot-procedure-and-costs/,0,1,0%,3
https://desire-escorts.nl/en/kennisbank/multi-day-booking-what-are-the-conditions-and-schedule-outcall-service/,0,1,0%,3
https://desire-escorts.nl/en/kennisbank/should-i-tip-and-how-often-is-it-common/,0,1,0%,3
https://desire-escorts.nl/e-floating-buttons/mobile-cta/,0,1,0%,4
https://desire-escorts.nl/langdurige-boekingen-met-escorts-de-voordelen/,0,1,0%,4
https://desire-escorts.nl/kennisbank/hoe-communiceer-ik-mijn-wensen-discreet-vooraf/,0,1,0%,5
https://desire-escorts.nl/product-categorie/erotische-massage/,0,1,0%,5
https://desire-escorts.nl/en/category/location-page-en/page/20/,0,1,0%,6
https://desire-escorts.nl/en/ijsselstein/,0,1,0%,6
https://desire-escorts.nl/en/escort-winkel/,0,1,0%,7
https://desire-escorts.nl/kennisbank/hoe-kan-ik-een-specifieke-escort-boeken-voor-een-terugkerende-afspraak/,0,1,0%,7
https://desire-escorts.nl/kennisbank/is-het-mogelijk-om-te-boeken-in-kleinere-steden-of-afgelegen-gebieden/,0,1,0%,7
https://desire-escorts.nl/en/escorts/michelle-2/,0,1,0%,8
https://desire-escorts.nl/en/kennisbank/bookings-reservation/what-happens-if-i-am-late-for-my-appointment-time-and-rules/,0,1,0%,8
https://desire-escorts.nl/kennisbank/duo-of-groepsservices-wat-zijn-de-regels-en-hoe-boek-ik-dit/,0,1,0%,8
https://desire-escorts.nl/kennisbank/zijn-er-verborgen-kosten-of-onverwachte-toeslagen-financiele-transparantie/,0,1,0%,10
https://desire-escorts.nl/en/category/location-page-en/page/22/,0,1,0%,11
https://desire-escorts.nl/die-besten-escorts-in-amsterdam-2/,0,1,0%,16
https://desire-escorts.nl/kennisbank/wat-moet-ik-voorbereiden-of-regelen-voor-de-afspraak/,0,1,0%,16
https://desire-escorts.nl/en/escort-broek-in-waterland/,0,1,0%,19
https://desire-escorts.nl/product-categorie/goedkope-escorts/,0,1,0%,37
https://desire-escorts.nl/kennisbank/wat-is-de-minimale-leeftijd-voor-het-boeken-van-een-escort-bij-desire-escorts/,0,1,0%,40