Top queries,Clicks,Impressions,CTR,Position
escort amsterdam,14632,185992,7.87%,7.65
escort,6411,165031,3.88%,8.56
desire escorts,5354,9230,58.01%,3.16
amsterdam escort,3737,61521,6.07%,9.88
escorts amsterdam,3721,64515,5.77%,9.46
desire escort,3693,6342,58.23%,2.59
amsterdam escorts,2961,42629,6.95%,11.75
desire escorts amsterdam,2834,3657,77.5%,1.02
escorts,2314,41021,5.64%,5.99
escort haarlem,1650,24900,6.63%,4.99
escort rotterdam,1488,36160,4.12%,14.13
escort groningen,1286,19867,6.47%,12.71
desire escort amsterdam,1281,1610,79.57%,1.05
escort eindhoven,1108,26452,4.19%,13.78
escort antwerpen,1095,14724,7.44%,10.12
escort bureau,1095,10190,10.75%,8.26
escort utrecht,1023,27479,3.72%,15.52
escorts in amsterdam,923,11367,8.12%,10.52
escort service,874,17417,5.02%,24.37
escort bestellen,865,9438,9.17%,7.74
escort zaandam,816,15022,5.43%,5.75
escort hoorn,753,7341,10.26%,4.21
escort noord holland,752,3148,23.89%,1.41
escort limburg,750,8417,8.91%,10.47
escort service amsterdam,719,12721,5.65%,10.61
escort dordrecht,714,15974,4.47%,5.65
shemale escort,708,17646,4.01%,9.8
goedkope escort,704,4218,16.69%,3.83
escort zwolle,689,19079,3.61%,9.73
escort tilburg,689,17192,4.01%,16.3
escort friesland,684,8027,8.52%,8.82
escort den bosch,669,18168,3.68%,10.42
escort leiden,635,17944,3.54%,11.49
escorts near me,620,6367,9.74%,7.42
escort breda,619,16521,3.75%,16.67
escort zeeland,601,7567,7.94%,8.63
escort den haag,599,21333,2.81%,19.09
escort almere,555,18670,2.97%,8.95
escort in amsterdam,542,9157,5.92%,10.12
escort drenthe,533,5680,9.38%,6.58
escort arnhem,522,17115,3.05%,15.82
escort amstelveen,514,7420,6.93%,5.12
groningen escort,507,3924,12.92%,6.07
turkse escort,497,2481,20.03%,3.87
trio escort,494,3300,14.97%,4.46
escort hilversum,478,17523,2.73%,6.37
desire escorts nl,470,590,79.66%,1.03
escort near me,461,5898,7.82%,8.12
escortbureau,454,7668,5.92%,10.73
escort purmerend,451,5505,8.19%,5.13
escort schiphol,444,9978,4.45%,6.78
rotterdam escort,436,10415,4.19%,10.45
utrecht escorts,434,4127,10.52%,5.92
escort trio,434,2254,19.25%,6.57
bdsm escort,428,4186,10.22%,6.12
escorte amsterdam,424,6983,6.07%,10.42
escort gelderland,418,5549,7.53%,6.7
escort hoofddorp,417,12124,3.44%,7.67
escort huren,417,7561,5.52%,8.86
escort zoetermeer,416,12251,3.4%,4.76
escort zuid holland,399,1782,22.39%,2.46
aziatische escort,398,1280,31.09%,3.75
escort noordwijk,395,3662,10.79%,2.83
escorts groningen,384,3381,11.36%,6.54
groningen escorts,384,2473,15.53%,4.97
escort middelburg,372,6071,6.13%,6.29
escort beverwijk,359,6251,5.74%,5.01
escort service den haag,357,2808,12.71%,7.91
escort den helder,354,4160,8.51%,6.96
escorts rotterdam,351,7436,4.72%,10.18
escort overijssel,349,4380,7.97%,8.68
escort voor trio,343,2930,11.71%,4.8
escort leeuwarden,338,7283,4.64%,12.96
escort the hague,338,1565,21.6%,3.92
escort venlo,332,12911,2.57%,15.27
utrecht escort,332,5154,6.44%,10.78
escorts utrecht,328,5705,5.75%,8.41
studenten escort,315,2992,10.53%,4.57
desiree escort,308,621,49.6%,4.45
escort enschede,307,10812,2.84%,17.52
escort gouda,305,9251,3.3%,8.59
asian escort,299,1702,17.57%,6.78
escort scheveningen,291,1852,15.71%,1.79
marokkaanse escort,286,2197,13.02%,8.39
eindhoven escort,274,3217,8.52%,9.57
escort veenendaal,274,2570,10.66%,5.99
the hague escorts,270,1333,20.26%,2.93
japanse escort,263,820,32.07%,3.78
escort nijmegen,262,12174,2.15%,17.73
student escort,254,2220,11.44%,9.45
escort service limburg,253,1377,18.37%,5.38
haarlem escort,248,5686,4.36%,5.74
escort bergen,248,4720,5.25%,8.27
escorts the hague,244,2048,11.91%,4.73
escort desire,243,1338,18.16%,16.86
escort anaal,235,1426,16.48%,3.26
escort voor koppels,224,2595,8.63%,4.35
cheap escort,224,1750,12.8%,7.16
tilburg escort,222,2620,8.47%,10.16
escort enkhuizen,218,1220,17.87%,3.37
escort lelystad,214,8030,2.67%,12.05
erotische massage aan huis,212,1887,11.23%,8.62
escort buro,211,1853,11.39%,8.78
escort delft,208,9787,2.13%,13.3
escort alkmaar,208,9212,2.26%,21.62
escort schiedam,205,4318,4.75%,7.38
desireescorts,205,305,67.21%,2.42
escort almelo,203,5143,3.95%,15.87
escorts haarlem,203,2718,7.47%,5.51
goedkope escorts,201,4032,4.99%,3.97
zaandam escort,201,2801,7.18%,5.91
escort assen,200,1373,14.57%,12.33
midget escort,199,844,23.58%,5.94
rotterdam escorts,198,3924,5.05%,15
arnhem escort,192,1309,14.67%,7.7
escorts eindhoven,188,4454,4.22%,11.3
schiphol escort,184,3839,4.79%,6.77
escort heerlen,181,6867,2.64%,16.55
escort service friesland,181,1927,9.39%,6.33
escort goedkoop,179,1222,14.65%,3.38
the hague escort,179,742,24.12%,3.5
leiden escort,176,3429,5.13%,8.4
desire escort nl,176,215,81.86%,1
escort dames,170,4816,3.53%,27.49
escort zandvoort,169,4679,3.61%,6.18
escort spijkenisse,166,1632,10.17%,7.54
escort flevoland,165,2820,5.85%,5.69
desire escorts netherlands,165,235,70.21%,1
escort gorinchem,164,925,17.73%,5.84
escorts antwerpen,163,2134,7.64%,10.59
gay escort,163,2101,7.76%,20.02
escort service haarlem,162,800,20.25%,3.94
erotische massage thuis,160,1043,15.34%,6.35
hotel escort amsterdam,158,6238,2.53%,13.64
amsterdam escort service,158,5063,3.12%,12.52
escort brussels,158,2606,6.06%,24.21
bergen escort,158,2523,6.26%,8.09
cheap escorts,158,1124,14.06%,7.41
schiphol escorts,157,3815,4.12%,7.75
escort bureaus,157,1782,8.81%,10.11
eindhoven escorts,156,2533,6.16%,10.52
escort schipol,156,1287,12.12%,6.07
escort 24/7,155,1322,11.72%,4.02
escort amersfoort,146,10556,1.38%,23.66
breda escort,144,1290,11.16%,10.14
eacort amsterdam,143,1401,10.21%,7.55
desireescort,143,232,61.64%,2.13
escorts zaandam,142,1240,11.45%,4.15
escorts leiden,141,2833,4.98%,7.67
escort antwerp,140,1935,7.24%,16.29
brussels escorts,139,2758,5.04%,31.02
brussels escort,138,2643,5.22%,23.92
amsterdam eskort,138,2238,6.17%,6.31
escort service noord holland,138,311,44.37%,1.12
goedkoop escort,137,617,22.2%,4.76
escort service gelderland,137,504,27.18%,3.11
escort hellevoetsluis,136,1134,11.99%,5.32
escorts in groningen,135,707,19.09%,4.36
escort hague,134,766,17.49%,2.64
eskort amsterdam,131,2495,5.25%,7.37
jonge escort,131,417,31.41%,2.56
escort heemskerk,130,2235,5.82%,4.03
escorts in utrecht,130,1330,9.77%,8.21
hague escort,130,336,38.69%,1.78
escort lisa,128,827,15.48%,8.57
hoofddorp escort,127,901,14.1%,5.41
antwerpen escort,126,1512,8.33%,9.59
escort twente,126,598,21.07%,16.97
escort alphen aan den rijn,125,2824,4.43%,4.87
leiden escorts,125,1111,11.25%,7.48
poolse escort,125,779,16.05%,1.96
escort service drenthe,125,444,28.15%,3.32
escort harderwijk,124,2763,4.49%,9.51
cheap escort amsterdam,123,1595,7.71%,12.76
escort service almere,122,2052,5.95%,3.56
escort service groningen,121,821,14.74%,9.97
escort voor stellen,120,1793,6.69%,3.11
arnhem escorts,118,1399,8.43%,5.72
hoofddorp escorts,118,567,20.81%,4.39
den haag escort,117,5315,2.2%,17.61
escort bussum,117,3550,3.3%,4.63
hague escorts,117,709,16.5%,2.25
scort amsterdam,116,1531,7.58%,7.36
escort amsterdam noord,115,1042,11.04%,4.4
escort service rotterdam,115,1014,11.34%,13.03
anaal escort,115,547,21.02%,3.8
amsterdam escort girls,114,3273,3.48%,16.04
escort emmen,113,2672,4.23%,16.03
almere escort,113,1702,6.64%,9.07
cheap escorts amsterdam,113,1192,9.48%,11.92
escort service near me,112,830,13.49%,6.66
zaandam escorts,112,500,22.4%,3.82
amstelveen escort,110,2756,3.99%,6.05
escort service breda,110,1678,6.56%,10.29
turks escort,110,886,12.42%,3.24
escort service antwerpen,109,1363,8%,9.01
escort alphen,108,1098,9.84%,4.5
escort amsterdam west,108,875,12.34%,2.42
escortservice amsterdam,105,3348,3.14%,6.12
haarlem escorts,105,2545,4.13%,7.35
amersfoort escort,105,971,10.81%,11.73
escort girls amsterdam,104,6840,1.52%,15.49
escort girls,104,4795,2.17%,14.63
hoorn escort,104,1849,5.62%,3.69
sm escort,104,965,10.78%,4.5
antwerp escort,103,1190,8.66%,14.62
escort service zwolle,103,692,14.88%,7
escort ijmuiden,102,2248,4.54%,13.85
escort service eindhoven,102,2238,4.56%,10.7
asian escort amsterdam,101,803,12.58%,17.42
escorts schiphol,100,4568,2.19%,7.4
nederlandse escort,100,1162,8.61%,9.11
lisa escort,100,688,14.53%,6.9
24/7 escort,100,281,35.59%,6.12
escort brabant,99,1102,8.98%,17.06
teen escort,99,485,20.41%,5.39
escort in rotterdam,98,2871,3.41%,9.6
middelburg escort,98,1158,8.46%,5.79
enschede escort,97,619,15.67%,8.36
bergen escorts,96,2420,3.97%,6.77
escort in groningen,95,702,13.53%,6.92
escort noordholland,95,698,13.61%,1.21
escorts hague,95,315,30.16%,2.35
turk escort,94,738,12.74%,7.32
lelystad escort,93,755,12.32%,6.83
escorts in the hague,92,316,29.11%,2.25
escort vlaardingen,91,1677,5.43%,8.28
escorts in eindhoven,91,1076,8.46%,9.38
escorts hoofddorp,91,906,10.04%,4.76
venlo escort,91,866,10.51%,8.33
escort girl,90,2776,3.24%,13.76
den bosch escort,90,1153,7.81%,7.25
escort service venlo,90,891,10.1%,7.92
escorts arnhem,89,1241,7.17%,7.04
escorts netherlands,88,1392,6.32%,16.39
escorte rotterdam,87,4276,2.03%,10.07
escort zeist,87,2026,4.29%,8.14
escort service nijmegen,87,953,9.13%,9.9
escort service zeeland,87,572,15.21%,6.76
escort bdsm,86,1410,6.1%,6
escorte,85,2613,3.25%,10.15
cardate escort,85,892,9.53%,5.08
nijmegen escort,84,704,11.93%,7.9
escort anal,83,2003,4.14%,5.74
escort heerenveen,83,1184,7.01%,12.04
escort akersloot,83,897,9.25%,3.36
den helder escorts,83,849,9.78%,4.56
leeuwarden escort,83,572,14.51%,5.59
escort nl,82,3641,2.25%,14.05
escort services,82,1116,7.35%,11.06
escort vianen,82,826,9.93%,8.77
escorts den helder,82,291,28.18%,4.88
escort frankfurt,81,1387,5.84%,19.4
escort service zuid holland,81,666,12.16%,2.14
escorts in arnhem,81,509,15.91%,6.66
escort leusden,79,1344,5.88%,4.67
escort amesterdam,79,704,11.22%,7.47
delft escort,79,592,13.34%,7.9
dutch escort,78,6499,1.2%,11.39
hotel escort,78,4030,1.94%,13.64
den helder escort,78,399,19.55%,5.95
aziatische escorts,78,244,31.97%,3.4
scorts amsterdam,77,1646,4.68%,8.6
escort zaanstad,77,1269,6.07%,5.49
escort in zeeland,77,708,10.88%,7.6
escort netherlands,76,4071,1.87%,24.85
escort nieuw vennep,76,1949,3.9%,2.9
escorts tilburg,76,1707,4.45%,8.87
escort amaterdam,76,1458,5.21%,9.22
escorts den bosch,76,827,9.19%,7.05
goedkoopste escort,76,722,10.53%,2.04
petite escort,76,325,23.38%,7.08
amsterdam desire escorts,76,89,85.39%,1
escort boeken,75,1144,6.56%,27.24
frankfurt escort,75,647,11.59%,9.32
escort olga,75,120,62.5%,3.2
trio escorts,74,3291,2.25%,2.84
escorts leeuwarden,74,1774,4.17%,7.32
escort diemen,74,1717,4.31%,6.59
anal escort amsterdam,74,496,14.92%,14.56
escorts amsterdam central,74,229,32.31%,2
escort girl amsterdam,73,1463,4.99%,14.82
escorts delft,73,938,7.78%,8.38
alkmaar escorts,73,557,13.11%,9.89
noordwijk escort,73,254,28.74%,3.38
high class escort,72,7555,0.95%,65.45
schiedam escort,72,1940,3.71%,6.81
escorts nl,72,1358,5.3%,8.63
tilburg escorts,72,560,12.86%,5.4
escort brussel,71,1834,3.87%,16.51
escort shemale,71,1014,7%,10.99
escorte dordrecht,71,925,7.68%,5.15
jonge escorts,71,207,34.3%,2.66
sex club eindhoven,70,1319,5.31%,11.65
escort student,70,758,9.23%,4.24
escort amsterdam oost,70,728,9.62%,1.47
escort hoofdorp,70,719,9.74%,6.22
escorts enschede,70,627,11.16%,6.92
amsterdam hotel escort,69,1587,4.35%,8.14
escort voor stel,69,1376,5.01%,2.89
marokaanse escort,69,1296,5.32%,7.88
schipol escorts,69,1067,6.47%,7.11
breda escorts,69,678,10.18%,11.36
thaise escort,69,277,24.91%,7.94
escort woerden,68,1975,3.44%,9.66
escort wormerveer,68,1757,3.87%,5.81
amaterdam escort,68,1296,5.25%,13.92
escort bureau antwerpen,68,266,25.56%,8.02
escort volendam,67,2343,2.86%,5.55
escort amsterdam zuid,67,905,7.4%,3.88
escort service overijssel,67,362,18.51%,5.49
dordrecht escort,66,1491,4.43%,7.51
escorts zeeland,66,292,22.6%,6.36
escort driebergen,66,229,28.82%,4.69
escorts brussels,65,2270,2.86%,22.3
fetish escort,65,2088,3.11%,5.97
escorts breda,65,1816,3.58%,11.08
escorts almere,64,2575,2.49%,8.18
zwolle escort,64,2264,2.83%,7.61
escort in haarlem,64,901,7.1%,4.93
escorts limburg,64,364,17.58%,8.28
desire-escorts,64,103,62.14%,2.07
escorts hoorn,63,1721,3.66%,3.71
escorte antwerpen,63,622,10.13%,15.29
asian escort nederland,63,204,30.88%,3.88
escorte groningen,62,1259,4.92%,7.66
escorts amstelveen,62,793,7.82%,4.87
studente escort,62,361,17.17%,8.37
escort dames limburg,62,191,32.46%,7.39
escort lisse,61,2004,3.04%,11.44
eacort,61,1784,3.42%,8.16
escort service den bosch,61,604,10.1%,6.5
escort breukelen,60,2239,2.68%,6.92
meesteres escort,60,950,6.32%,9.29
escort aan huis,60,841,7.13%,16.17
escort amsterdam.,60,598,10.03%,7.99
escort service leiden,59,2027,2.91%,8.77
alkmaar escort,59,1850,3.19%,19.51
anal escort,59,1521,3.88%,8.52
eerste keer escort,59,1228,4.8%,4.08
escort in utrecht,59,993,5.94%,11.5
escord amsterdam,59,858,6.88%,6.7
escorts bergen,59,810,7.28%,7.92
escort massage,58,1259,4.61%,6.77
escort service hoorn,58,845,6.86%,3.9
escort bestellen amsterdam,58,627,9.25%,3.62
eacorts amsterdam,58,614,9.45%,8.03
escort amsterdam airport,58,558,10.39%,8.36
schipol escort,58,330,17.58%,6.75
escort zuidholland,58,210,27.62%,2.47
aziatisch escort,58,207,28.02%,3.31
escort aziatisch,58,173,33.53%,3.9
antwerp escorts,57,1759,3.24%,21.29
escort maassluis,57,1585,3.6%,7.34
escorts in rotterdam,57,720,7.92%,12.39
japanese escort,57,586,9.73%,8.51
escortservice friesland,57,283,20.14%,7.18
escort bianca,57,158,36.08%,4.72
erotische massage escort,56,647,8.66%,4.42
zeeland escort,56,347,16.14%,6.3
marokkaanse escorts,56,301,18.6%,6.54
escorts den haag,55,3467,1.59%,22.57
escort nederland,55,2706,2.03%,36.38
blonde escort,55,950,5.79%,3.89
amaterdam escorts,55,840,6.55%,10.19
escort bureau limburg,55,147,37.41%,3.86
escorts hilversum,54,1563,3.45%,5.13
escort voor koppel,54,1194,4.52%,3.75
gouda escort,54,593,9.11%,7.18
desiree escorts,54,125,43.2%,5.01
desire escort amestrdam,54,56,96.43%,1
erotische massage,53,4891,1.08%,72.55
escort in eindhoven,53,1483,3.57%,10.5
escorte breda,53,1069,4.96%,14.43
escort amsterda,53,783,6.77%,7.13
escort bilthoven,52,1532,3.39%,4.73
escort girls in amsterdam,52,1505,3.46%,25.31
escort brielle,52,299,17.39%,6.81
heerlen escort,52,239,21.76%,6.19
escort service utrecht,51,1863,2.74%,19.43
hotel escorts amsterdam,51,1779,2.87%,11.55
putas tilburg,51,1344,3.79%,7.79
shemale escorts,51,1322,3.86%,9.94
putas rotterdam,51,1229,4.15%,7.01
escort weesp,51,1189,4.29%,5.31
escortamsterdam,51,758,6.73%,7.52
sex escort,51,708,7.2%,14.46
escort bureau den haag,51,658,7.75%,6.65
escorts in leiden,51,483,10.56%,7.15
escort service leeuwarden,51,450,11.33%,8.4
amersfoort escorts,51,348,14.66%,11.53
escort schagen,51,296,17.23%,8.65
escorts amsterdam airport,50,3891,1.29%,7.97
beverwijk escort,50,1861,2.69%,4.56
escorts zwolle,50,834,6%,7.9
escort hotel amsterdam,50,801,6.24%,15.98
escorts schipol,50,761,6.57%,6.44
escort bodegraven,50,653,7.66%,9.09
escort denhaag,50,497,10.06%,15.53
escort services amsterdam,50,485,10.31%,11.34
escorts friesland,50,254,19.69%,8.03
escort noord-holland,49,1897,2.58%,1.36
massage escort,49,779,6.29%,7.19
escort haag,49,364,13.46%,5.04
leeuwarden escorts,49,216,22.69%,5.75
escort service hoofddorp,49,187,26.2%,4.89
amsterdam hotel escorts,48,823,5.83%,13.1
eecort amsterdam,48,454,10.57%,5.6
escort in tilburg,48,396,12.12%,7.7
escorts en amsterdam,48,366,13.11%,7.65
enschede escorts,48,304,15.79%,6.59
amsterdam central escorts,48,95,50.53%,1.11
escort katwijk,47,2498,1.88%,13.87
shemale escort service,47,865,5.43%,6.57
escorts amaterdam,47,700,6.71%,7.89
escort sloterdijk,47,594,7.91%,2.49
goedkope escort service,47,568,8.27%,1.32
escort cheap,47,416,11.3%,8.26
almelo escort,47,275,17.09%,7.76
escort girl utrecht,47,229,20.52%,9.39
escort castricum,46,2584,1.78%,7.24
escort zuid-holland,46,1956,2.35%,2.33
mature escort,46,769,5.98%,34.3
escorts antwerp,46,696,6.61%,20.11
hilversum escort,46,664,6.93%,7.34
escort amsterdam 24/7,46,587,7.84%,3.03
escort amsterdsm,46,453,10.15%,6.28
brianna escort,46,241,19.09%,8.65
escortservice,45,5756,0.78%,52.92
purmerend escort,45,1312,3.43%,5.22
escort medemblik,45,741,6.07%,8.47
romanian escort,45,581,7.75%,9.08
delft escorts,45,330,13.64%,7.35
amsterdam anal escorts,45,199,22.61%,12.59
zwarte escort,45,181,24.86%,3.49
escort heiloo,44,1876,2.35%,3.27
escort studenten,44,1154,3.81%,3
escorte limburg,44,714,6.16%,16.64
escort in de buurt,44,458,9.61%,8.19
escortservice rotterdam,44,340,12.94%,17.18
escort hillegom,43,2118,2.03%,9.73
sexclub eindhoven,43,1868,2.3%,12.04
escort service zaandam,43,1726,2.49%,3.43
escorte zwolle,42,1384,3.03%,8.11
escorts dordrecht,42,694,6.05%,8.27
studentenescort,42,544,7.72%,3.88
oudere escort,42,201,20.9%,6.1
escort service hilversum,41,1850,2.22%,3.51
escort naaldwijk,41,1826,2.25%,3.41
escort in almere,41,624,6.57%,7.06
escort oudere dames,41,599,6.84%,5.77
amsterdam cheap escort,41,426,9.62%,8.11
amstelveen escorts,41,290,14.14%,5.41
nijmegen escorts,41,237,17.3%,8.08
den bosch escorts,41,205,20%,6.53
24 uur escort,41,135,30.37%,1.94
escort service in amsterdam,40,1457,2.75%,16.61
escort cardate,40,832,4.81%,5.35
escort in delft,40,811,4.93%,8.1
escortburo,40,575,6.96%,7.35
de wallen escorts,40,484,8.26%,1.19
roterdam escort,40,464,8.62%,8.88
zwolle escorts,40,324,12.35%,8.46
scheveningen escort,40,96,41.67%,2.86
amsterdam airport escorts,39,2017,1.93%,7.35
escorte tilburg,39,1283,3.04%,9.64
escort hotel,39,997,3.91%,15.14
shemale huren,39,942,4.14%,9.81
escort.,39,840,4.64%,8.13
goedkope escort amsterdam,39,727,5.36%,6.46
escort ansterdam,39,648,6.02%,6.65
escort amsterdam hotel,39,443,8.8%,12.7
escort overijsel,39,399,9.77%,6.9
escort agency rotterdam,39,277,14.08%,8.63
escortservice den haag,39,267,14.61%,9.21
sexclub amersfoort,38,5553,0.68%,9.54
escorts nijmegen,38,1169,3.25%,10.68
türk escort,38,549,6.92%,12.7
escort denbosch,38,545,6.97%,8.45
escort nu,38,434,8.76%,9.16
sex tilburg,38,307,12.38%,15.05
escort girls near me,38,285,13.33%,6.85
escort service dordrecht,38,283,13.43%,4.79
grote borsten escort,38,261,14.56%,12.38
escort in the hague,38,106,35.85%,4.47
escort barendrecht,37,795,4.65%,8.9
escort in antwerpen,37,673,5.5%,13.28
escort maarssen,36,2621,1.37%,12.81
escort ams,36,1966,1.83%,6.04
bdsm escorts,36,1344,2.68%,3.58
escorte venlo,36,1083,3.32%,10.01
latina escort,36,688,5.23%,6.07
escort meesteres,36,676,5.33%,11.29
escort dames antwerpen,36,469,7.68%,14.02
amsterdam escort girl,36,426,8.45%,13.64
zoetermeer escort,36,395,9.11%,7.21
desire escorts review,36,303,11.88%,4.47
anal escorts amsterdam,36,219,16.44%,13.58
escorts heerlen,36,168,21.43%,8.55
harderwijk escort,36,166,21.69%,7.07
escort vicky,36,160,22.5%,6.83
escort in limburg,36,150,24%,7.68
amsterdamescort,35,524,6.68%,7.65
escort en amsterdam,35,403,8.68%,7.12
escortservice groningen,35,352,9.94%,11.03
escorts in netherlands,35,346,10.12%,23.19
escort sliedrecht,35,313,11.18%,7.06
amsterdam cheap escorts,35,288,12.15%,8.18
limburg escort,35,240,14.58%,9.22
escort dames amsterdam,34,2957,1.15%,7.04
escort badhoevedorp,34,2015,1.69%,34.99
schemale escort,34,1329,2.56%,4.96
sex escort amsterdam,34,756,4.5%,9.44
nederlandse escorts,34,682,4.99%,11.69
hellevoetsluis escort,34,356,9.55%,6.88
escort service assen,34,178,19.1%,9.47
escort dames rotterdam,34,174,19.54%,15.2
de wallen escort,34,75,45.33%,3.24
escort holland,33,2117,1.56%,19.65
escort mijdrecht,33,1951,1.69%,4.83
escorte eindhoven,33,1350,2.44%,11.14
escort pijnacker,33,1037,3.18%,10.35
escort meiden,33,746,4.42%,8.47
escort turks,33,626,5.27%,3.18
escort in leiden,33,616,5.36%,9.48
escort in breda,33,512,6.45%,11.21
escortbureau antwerpen,33,489,6.75%,8.51
escourt amsterdam,33,464,7.11%,6.47
escort amsterdan,33,452,7.3%,7.83
sex eindhoven,33,414,7.97%,13.26
hotel escort schiphol,33,367,8.99%,6.16
escorts schiedam,33,295,11.19%,5.85
noor escort,33,295,11.19%,6.72
cheap escorts near me,33,272,12.13%,4.96
escort services near me,33,249,13.25%,6.31
prostitutes tilburg,33,233,14.16%,6.73
escort utrech,33,219,15.07%,6.61
escort capelle,33,218,15.14%,6.17
japanese escort amsterdam,33,181,18.23%,10.39
escort amanda,33,171,19.3%,5.64
escort service enschede,33,166,19.88%,12.2
bianca escort,33,138,23.91%,3.28
vicky escort,33,88,37.5%,5.61
escort naarden,32,2262,1.41%,5
excort zwolle,32,1066,3%,8.99
escort wormer,32,565,5.66%,6.99
escort amstrdam,32,440,7.27%,7.37
zaandam eskort,32,389,8.23%,5.85
escorts middelburg,32,281,11.39%,4.86
escortservice limburg,32,169,18.93%,6.1
studenten escorts,32,155,20.65%,4.67
prostitutes groningen,32,154,20.78%,5.5
long term escort,32,148,21.62%,9.17
teen escorts,32,145,22.07%,6.53
escorts in zaandam,32,91,35.16%,2.42
escort amsterdam central,32,79,40.51%,1.57
desires escort,32,78,41.03%,5.29
escorts alkmaar,31,1816,1.71%,15.46
escort service tilburg,31,938,3.3%,16.36
high class escort groningen,31,923,3.36%,10.72
escorts lelystad,31,818,3.79%,6.22
escort dame,31,779,3.98%,24.71
eecort,31,660,4.7%,7.76
amsterdam.escorts,31,425,7.29%,12.39
desire scorts,31,338,9.17%,6.12
cheap escorts in amsterdam,31,286,10.84%,8.68
escorts in antwerp,31,201,15.42%,11.92
trio met escort,31,178,17.42%,3.28
goedkope escorte,31,161,19.25%,8.16
amanda escort,31,136,22.79%,4.72
escort 24 7,31,118,26.27%,3.32
escort laren,30,2786,1.08%,6.46
escort huizen,30,2485,1.21%,11.9
escort soest,30,1910,1.57%,14.76
escort ridderkerk,30,1871,1.6%,11.3
putas lelystad,30,1159,2.59%,5.76
escorte utrecht,30,897,3.34%,8.06
escort voor paren,30,764,3.93%,2.86
anale escort,30,518,5.79%,2.54
escort smsterdam,30,378,7.94%,7.04
spijkenisse escort,30,371,8.09%,7.14
escort amstetdam,30,350,8.57%,10.07
escorts purmerend,30,301,9.97%,4.23
marrokaanse escort,30,210,14.29%,7.56
schiphol airport escorts,30,184,16.3%,6.58
escort in friesland,30,162,18.52%,7.61
assen escort,30,159,18.87%,9.28
escort zandam,30,145,20.69%,3.46
oudere vrouwen escort,30,140,21.43%,8.09
escort desiree,30,91,32.97%,4.88
excort,29,791,3.67%,8.37
escort inhuren,29,727,3.99%,12.48
amsterdam escorte,29,695,4.17%,10.87
rotterdam eskort,29,658,4.41%,8.13
escort gay,29,569,5.1%,28.62
sex in tilburg,29,423,6.86%,9.22
escorts in antwerpen,29,331,8.76%,9.05
amsterdam airport escort,29,256,11.33%,8.07
escort girls antwerpen,29,160,18.12%,9.49
amsterdam asian escort,29,149,19.46%,17.3
ijmuiden escort,29,148,19.59%,6.43
escortservice antwerpen,29,141,20.57%,5.89
escort roterdam,28,1274,2.2%,11.59
escort nearby,28,1207,2.32%,4.91
escort bureau amsterdam,28,1002,2.79%,17.79
escort service gouda,28,993,2.82%,5.96
putas amsterdam,28,572,4.9%,12.4
escort service brussel,28,553,5.06%,16.41
escort in arnhem,28,391,7.16%,11.09
escort in zwolle,28,354,7.91%,6.88
escorts in tilburg,28,347,8.07%,5.59
escort in venlo,28,311,9%,8.33
escort services in amsterdam,28,267,10.49%,15.7
tilburg sex,28,238,11.76%,13.06
escort girl near me,28,188,14.89%,6.82
escorts nearby,28,185,15.14%,5.94
escorts ijmuiden,28,180,15.56%,5.11
escorts emmen,28,162,17.28%,7.15
escortservice eindhoven,28,144,19.44%,10.91
escorts in delft,28,143,19.58%,7.69
escort in auto,28,75,37.33%,1.83
escort aalsmeer,27,2307,1.17%,17.53
amsterdam escort agency,27,1281,2.11%,35.6
escortbureau den haag,27,968,2.79%,10.17
escortgirls,27,858,3.15%,7.61
escorts in heerlen,27,535,5.05%,7.3
amsterdam eacorts,27,451,5.99%,11.43
escorts in haarlem,27,420,6.43%,8.01
amsterdam escort services,27,399,6.77%,15.29
real escort amsterdam,27,347,7.78%,8.36
scorts en amsterdam,27,178,15.17%,7.94
escorts in enschede,27,159,16.98%,6.89
escort culemborg,27,151,17.88%,9.74
escorts assen,27,126,21.43%,5.12
turkse escorts,27,79,34.18%,3.08
amsterdam zuid escort,27,75,36%,3.25
escorte arnhem,26,1817,1.43%,6.73
escorts amersfoort,26,1450,1.79%,11.37
escort sex,26,1185,2.19%,15.03
escorts in zwolle,26,904,2.88%,5.02
netherlands escorts,26,841,3.09%,43.11
gayescort,26,690,3.77%,8.96
ecort,26,560,4.64%,8.19
escort eemnes,26,525,4.95%,5.15
escorte hoorn,26,450,5.78%,3.69
excort amsterdam,26,374,6.95%,7.18
escorte zaandam,26,354,7.34%,3.83
escort amsterfam,26,345,7.54%,7.02
escorte leiden,26,329,7.9%,7.92
escort girls rotterdam,26,316,8.23%,11.59
hilversum escorts,26,303,8.58%,6.64
escort zuid limburg,26,183,14.21%,12.43
hoorn escorts,26,167,15.57%,4.52
den helder sex,26,146,17.81%,17.78
heerlen escorts,26,101,25.74%,3.28
escort wassenaar,25,2347,1.07%,14.33
holland escort,25,1404,1.78%,19.5
escort assendelft,25,593,4.22%,11.55
rijpe vrouwen escort,25,574,4.36%,10.6
goedkope escort dames,25,565,4.42%,4.14
escort blond,25,513,4.87%,3.95
antwerpen escorts,25,441,5.67%,9.62
escortbureau rotterdam,25,259,9.65%,14.92
amesterdam escort,25,249,10.04%,8.58
escort amsterdam cheap,25,232,10.78%,7.8
sex in eindhoven,25,232,10.78%,13.09
escorte haarlem,25,220,11.36%,4.85
homo escort,25,196,12.76%,32.53
escortservice zwolle,25,195,12.82%,8.58
young escort,25,155,16.13%,8
chinese escort,25,143,17.48%,14.71
middelburg escorts,25,134,18.66%,3.54
escort agency amsterdam,24,4864,0.49%,29.28
escort koppels,24,2529,0.95%,10.42
den haag escorts,24,2282,1.05%,23.18
almere escorts,24,1037,2.31%,8.44
vlaardingen escort,24,880,2.73%,7.85
eskort,24,760,3.16%,11.57
escort capelle aan den ijssel,24,684,3.51%,6.79
escort dames eindhoven,24,655,3.66%,8.72
escorts bestellen,24,609,3.94%,6.62
oudere escort dames,24,540,4.44%,3.83
escort service schiphol,24,397,6.05%,6.43
escort amstersam,24,366,6.56%,7.57
sex den helder,24,317,7.57%,13.18
escort girls utrecht,24,287,8.36%,8.73
desire escort review,24,185,12.97%,3.54
gorinchem escort,24,157,15.29%,5.96
escort den hague,24,128,18.75%,6.45
escorts 24/7,24,51,47.06%,6.41
escort uithoorn,23,1863,1.23%,11.57
zandvoort escort,23,1722,1.34%,6.7
koppel escort,23,1287,1.79%,10.99
escort koppel,23,659,3.49%,10.16
escorts in breda,23,641,3.59%,15.37
netherlands escort,23,606,3.8%,23.24
turkish escort,23,543,4.24%,18.12
escorts in brussels,23,502,4.58%,28.38
amsterdam.escort,23,415,5.54%,9.49
escortbureau den bosch,23,273,8.42%,6.57
rotterdam escort agency,23,257,8.95%,10.62
escourts amsterdam,23,250,9.2%,7.61
escort amsyerdam,23,211,10.9%,6.22
escort girls eindhoven,23,194,11.86%,10.24
escortbureau eindhoven,23,163,14.11%,9.89
escort in hoorn,23,162,14.2%,3.08
escort girl groningen,23,115,20%,6.14
escort dames friesland,23,115,20%,7.92
escorts schipol airport,23,108,21.3%,6.22
groningen prostitutes,23,106,21.7%,5.2
hotel escort rotterdam,23,106,21.7%,11.73
kimberly escort,23,102,22.55%,6.15
escort baarn,22,2349,0.94%,16.24
escort girl in amsterdam,22,346,6.36%,10.56
escorte enschede,22,342,6.43%,8.17
escort girl rotterdam,22,338,6.51%,10.91
dutch escorts,22,250,8.8%,36.26
amsterdam anal escort,22,207,10.63%,10.24
escorts gronigen,22,194,11.34%,3.92
escort in enschede,22,180,12.22%,9.03
escort noor,22,167,13.17%,6.33
angel escort,22,157,14.01%,6.61
desire scort,22,143,15.38%,6.76
escort girls groningen,22,126,17.46%,7.56
escort girl bergen,22,109,20.18%,9.5
prostitutes near me,22,106,20.75%,10.36
escortes antwerpen,22,86,25.58%,16.09
escorte roterdam,21,1319,1.59%,9.59
sex heerlen,21,631,3.33%,20.25
amsterdam eacort,21,585,3.59%,10.33
shemal escort,21,538,3.9%,7.19
escorte lelystad,21,344,6.1%,5.98
escort romania,21,341,6.16%,10.1
escorte bureau,21,341,6.16%,33.39
escortes amsterdam,21,331,6.34%,10.93
venlo escorts,21,230,9.13%,8.97
escort vrouwen,21,218,9.63%,17.83
escort turk,21,214,9.81%,6.67
asian escorts amsterdam,21,213,9.86%,14.77
escort rhenen,21,173,12.14%,6.51
hookers near me,21,151,13.91%,12.54
escort gronigen,21,137,15.33%,6.18
escort bureau eindhoven,21,100,21%,10.45
tiener escort,21,76,27.63%,18.76
sex zaandam,20,1292,1.55%,17.51
escort nieuwegein,20,1205,1.66%,22.49
amsterdam escort anal,20,847,2.36%,26.12
bondage escort,20,777,2.57%,5.39
gfe escort,20,603,3.32%,12.6
young escorts,20,601,3.33%,22.26
escort huren amsterdam,20,581,3.44%,3.98
escort service delft,20,524,3.82%,9.48
escorts in schiphol,20,467,4.28%,7.49
escort hele nacht,20,442,4.52%,1.12
escorts venlo,20,360,5.56%,8.6
cheap amsterdam escorts,20,360,5.56%,12.11
escort in dordrecht,20,302,6.62%,6.95
escorts ansterdam,20,300,6.67%,7.54
escort amsterdm,20,256,7.81%,7.56
escort amterdam,20,216,9.26%,7.44
escort netherland,20,214,9.35%,26.73
amsterdam sex escort,20,187,10.7%,12.33
escort dames gelderland,20,175,11.43%,4.78
grote tieten escort,20,173,11.56%,10.35
alkmar escort,20,97,20.62%,3.92
alexandra escort,20,97,20.62%,6.8
call girl near me,20,91,21.98%,9.42
amsterdam escorts anal,20,84,23.81%,6.94
cheap escorts brussels,20,81,24.69%,9.35
adda escort,20,77,25.97%,3.48
asian escorts netherlands,20,74,27.03%,8.7
escorts gouda,19,1105,1.72%,6.76
ts escort,19,1043,1.82%,14.49
petite escorts,19,681,2.79%,8.74
escorts huren,19,658,2.89%,5.35
escorte den bosch,19,579,3.28%,6.79
escort bollenstreek,19,567,3.35%,8.14
escort in den bosch,19,462,4.11%,8.45
escort site,19,400,4.75%,14.4
tranny escort,19,323,5.88%,9.62
amsterdam scorts,19,297,6.4%,9.02
escorts in venlo,19,288,6.6%,8.26
escorts in amersfoort,19,270,7.04%,11.22
escort joy,19,268,7.09%,8.56
escort amsterda.,19,264,7.2%,5.95
escorte heerlen,19,259,7.34%,3.44
escorte schiedam,19,249,7.63%,5.42
escort dames groningen,19,199,9.55%,9.85
escorts zoetermeer,19,195,9.74%,4.5
party escort,19,175,10.86%,21.66
japanse hoer,19,174,10.92%,6.79
prostitute tilburg,19,169,11.24%,6.44
putas zaandam,19,167,11.38%,4.61
cheap escort near me,19,159,11.95%,5.3
escort middleburg,19,109,17.43%,4.01
escort marokkaans,19,94,20.21%,9.54
escort alkmar,19,89,21.35%,7
escort shemail,19,56,33.93%,6.09
petite escorts amsterdam,19,53,35.85%,7.47
escortbureau amsterdam,18,823,2.19%,28.58
escort service antwerp,18,683,2.64%,12.67
escort sm,18,549,3.28%,4.33
brunette escort,18,524,3.44%,3.05
escort amsterdam centrum,18,490,3.67%,3.19
noordwijk escorts,18,473,3.81%,2.23
escort service 24/7,18,472,3.81%,2.37
nl escort,18,354,5.08%,17.59
putas utrecht,18,345,5.22%,9.39
escort amestrdam,18,328,5.49%,6.12
escorte almelo,18,319,5.64%,8.53
dordrecht escorts,18,287,6.27%,10.44
escort noord nederland,18,213,8.45%,7.8
sex in heerenveen,18,201,8.96%,14.76
rijpe escort,18,193,9.33%,14.34
friesland escort,18,188,9.57%,7.2
amsterdam escort nl,18,178,10.11%,7.39
escort girl eindhoven,18,177,10.17%,9.62
escort near,18,170,10.59%,8.85
asian escorts,18,166,10.84%,14.93
escort burea,18,165,10.91%,6.07
emmen escort,18,160,11.25%,10.07
asian escort netherlands,18,154,11.69%,9.69
escort in amesterdam,18,152,11.84%,8.66
ecort amsterdam,18,151,11.92%,6.07
amsterdam escorts cheap,18,149,12.08%,8.48
escort alexandra,18,133,13.53%,8.09
escort bestelen,18,131,13.74%,5.85
escort mature,18,129,13.95%,12.88
escort arnheim,18,128,14.06%,5.44
sex service,18,128,14.06%,10.34
student escort amsterdam,18,121,14.88%,16.19
escort asian,18,109,16.51%,8.36
amsterdam girls escort,18,89,20.22%,10.74
escorts zandvoort,18,86,20.93%,6.19
order escort,18,85,21.18%,8.52
call girls near me,18,73,24.66%,7.3
joy escort,18,72,25%,7.26
escorts in hague,18,70,25.71%,2.33
japanse escorts,18,60,30%,4.3
desire-escort,18,28,64.29%,1.36
hotel escorts,17,2182,0.78%,5.6
escort houten,17,1411,1.2%,31.88
overnight escort,17,1265,1.34%,7.41
escort erotische massage,17,607,2.8%,4.35
escort uitgeest,17,568,2.99%,7.73
escort stel,17,562,3.02%,4.03
escortservice breda,17,545,3.12%,14.87
escort stellen,17,526,3.23%,6.14
sexclub utrecht,17,520,3.27%,14.09
hollandse escort,17,513,3.31%,10.16
putas heerlen,17,505,3.37%,5.86
cardate sex,17,452,3.76%,14.31
escort sophie,17,332,5.12%,10.24
escortbureaus,17,303,5.61%,34.53
escorte leeuwarden,17,299,5.69%,7.5
escort car date,17,293,5.8%,4.34
brussel escort,17,249,6.83%,25.2
escort amstwrdam,17,221,7.69%,6.68
middleburg escorts,17,203,8.37%,4.31
escorts frankfurt,17,189,8.99%,9.44
sex ridderkerk,17,157,10.83%,13.37
24 hours escort,17,144,11.81%,6.56
nuru massage netherlands,17,137,12.41%,13.6
lelystad escorts,17,127,13.39%,5.39
shemail escort,17,126,13.49%,6.33
marokkaans escort,17,121,14.05%,9.69
amsterdam escort agencies,17,107,15.89%,45.44
prostitute near me,17,104,16.35%,14.85
escorts almelo,17,103,16.5%,6.14
escortservice nijmegen,17,89,19.1%,11.42
escorts cheap,17,88,19.32%,7.33
cheap escort girls,17,87,19.54%,9.63
24 7 escort,17,83,20.48%,5.34
escort amsterdam anal,17,73,23.29%,9.88
escort amstedam,16,707,2.26%,5.91
shemale escortservice,16,475,3.37%,5.68
webcam escort,16,464,3.45%,4.81
escorte hilversum,16,405,3.95%,6.9
amsterdam escort hotel,16,380,4.21%,11.18
sex amersfoort,16,307,5.21%,11.3
rotterdam sex,16,292,5.48%,14.93
anaal hoer,16,248,6.45%,7.31
putas en tilburg,16,243,6.58%,8.72
24hrs escort service,16,213,7.51%,6.23
escortservice dordrecht,16,205,7.8%,5.36
escort amserdam,16,178,8.99%,6.88
latina escorts,16,173,9.25%,6.42
amsterdamescorts,16,163,9.82%,17.1
rotterdam escort service,16,154,10.39%,9.79
escort service amstelveen,16,148,10.81%,5.2
escort thuis,16,139,11.51%,15.99
eacort bestellen,16,128,12.5%,5.73
escort a domicilio amsterdam,16,118,13.56%,6.47
escort bureau rotterdam,16,112,14.29%,13.69
aziatische hoer,16,111,14.41%,5.68
escort service flevoland,16,92,17.39%,3.55
escort in middelburg,16,89,17.98%,4.71
marokaanse escorts,16,79,20.25%,7.48
24 escort,16,78,20.51%,4.73
olga escort,16,54,29.63%,12.35
escort midget,16,48,33.33%,6.08
escort service alkmaar,15,1611,0.93%,20.45
escort in netherlands,15,559,2.68%,26.58
escort vinkeveen,15,547,2.74%,10.87
escort loosdrecht,15,543,2.76%,4.65
escort schiphol airport,15,540,2.78%,5.64
escorta amsterdam,15,476,3.15%,8.3
24/7 escort service,15,454,3.3%,4.08
eacorts,15,394,3.81%,6.6
escorts in almere,15,382,3.93%,10.14
shemale escort nl,15,348,4.31%,15.23
sex rotterdam,15,318,4.72%,19.89
eskort rotterdam,15,298,5.03%,10.39
scorts rotterdam,15,297,5.05%,8.57
escorte bestellen,15,286,5.24%,16.91
shemale escort nederland,15,281,5.34%,10.9
sex breda,15,279,5.38%,11.67
sex in breda,15,264,5.68%,17.25
shemales escort,15,229,6.55%,9.43
first time escort,15,227,6.61%,8.37
ansterdam escorts,15,200,7.5%,10.63
putas en lelystad,15,176,8.52%,7.3
sex ijmuiden,15,173,8.67%,13.09
escort whatsapp,15,165,9.09%,5.58
escort amsterdam nl,15,162,9.26%,9.22
massage escorts,15,147,10.2%,5.55
female escorts amsterdam,15,142,10.56%,13.45
escort service emmen,15,141,10.64%,10.11
escort nh,15,122,12.3%,1.55
escort 24,15,111,13.51%,7.61
venlo eskort,15,110,13.64%,11.65
escort amsterdam schiphol,15,102,14.71%,7.63
blond escort,15,100,15%,5.76
escort amsterdam schipol,15,83,18.07%,7.73
escort voor ouderen,15,80,18.75%,7.51
escort kimberly,15,78,19.23%,5.95
escort at home,15,71,21.13%,4.42
escorte lisse,15,68,22.06%,5.59
escort direct,15,66,22.73%,9.15
escort lucy,15,50,30%,10.44
escort 18 jaar,15,48,31.25%,26.29
hotel escort den haag,14,2642,0.53%,12.8
escorts diemen,14,617,2.27%,4.92
escort heerhugowaard,14,541,2.59%,15.21
escort dame bestellen,14,524,2.67%,9.35
striptease escort,14,478,2.93%,8.27
high class escort friesland,14,468,2.99%,8.75
sex almelo,14,450,3.11%,6.58
putas eindhoven,14,421,3.33%,9.43
brussels escort agency,14,362,3.87%,32.65
escorte emmen,14,343,4.08%,6.31
escorts amsterda,14,283,4.95%,7.44
sex lelystad,14,260,5.38%,50.49
escort in brussels,14,259,5.41%,22.48
escorts amesterdam,14,254,5.51%,7.19
trio escort amsterdam,14,239,5.86%,7.7
escort türk,14,230,6.09%,8.26
whatsapp escort,14,222,6.31%,7.37
amsterdam escord,14,209,6.7%,8.45
escort sex amsterdam,14,183,7.65%,8.75
escort in antwerp,14,174,8.05%,13.54
escort in bergen,14,158,8.86%,6.74
escort amsrerdam,14,156,8.97%,6.67
escort bedrijf,14,149,9.4%,14.9
escord bestellen,14,148,9.46%,6.23
cheap escort rotterdam,14,131,10.69%,8.8
desire escorts reviews,14,120,11.67%,4.16
escortservice den bosch,14,112,12.5%,7.31
rotterdam.escort,14,106,13.21%,7.67
hoofddorp sex,14,101,13.86%,12.31
escort amstardam,14,99,14.14%,6.85
escort service almelo,14,99,14.14%,10.12
escorts middleburg,14,97,14.43%,3.84
first time experience escort,14,91,15.38%,9.87
schipol airport escorts,14,87,16.09%,6.6
young escort amsterdam,14,83,16.87%,6.92
alessia escort,14,79,17.72%,16.99
escort studentes,14,78,17.95%,8.36
tilburg prostitutes,14,76,18.42%,5.36
escort bureau groningen,14,75,18.67%,10.49
teen escort amsterdam,14,66,21.21%,14.58
young escorts amsterdam,14,62,22.58%,10.56
escort nacht,14,50,28%,2.08
nikki escort,14,50,28%,8.56
assen escorts,14,40,35%,3.65
japanse escort nederland,14,32,43.75%,2.69
erotic massage,13,2953,0.44%,51.58
escorts nederland,13,1786,0.73%,25.47
escorts amsterdan,13,774,1.68%,5.97
escort service amersfoort,13,586,2.22%,22.53
escorte nijmegen,13,551,2.36%,7.84
betrouwbare escort,13,545,2.39%,12.99
escort girl antwerpen,13,354,3.67%,10.91
escorte amersfoort,13,330,3.94%,6.81
romanian escorts,13,300,4.33%,20.5
eindhoven sex,13,298,4.36%,17.48
sex heerenveen,13,243,5.35%,11.79
sex in almelo,13,239,5.44%,6.51
putas roterdam,13,230,5.65%,7.31
moroccan escort,13,220,5.91%,9.43